id,facility_id,system_type_key,title,year_constructed,age_years,condition_index,life_expectancy
b213bc8b-5836-452f-9f99-ccaf32b9c0d6,bab4d946-7ded-438a-a6c5-1d059f44345d,1,Foundation,1994,32,70.1,60
c7813923-01d3-4d16-9033-fd96f9bb076f,bab4d946-7ded-438a-a6c5-1d059f44345d,2,Basement,2015,11,76.84,60
343eba94-4f22-4c63-b1fb-25c948d25c7c,bab4d946-7ded-438a-a6c5-1d059f44345d,3,Superstructure,1971,55,64.75,50
3117fdb2-9294-4064-a719-095a143d6dbc,bab4d946-7ded-438a-a6c5-1d059f44345d,4,Exterior Structure,1992,34,88.84,40
69ccbc61-9e53-47d8-ad6d-1895ae47080a,bab4d946-7ded-438a-a6c5-1d059f44345d,5,Roofing,2022,4,70.85,20
c93e199e-81ce-40a6-af3b-1a08ca022fe0,bab4d946-7ded-438a-a6c5-1d059f44345d,6,Interior Construction,1957,69,56.57,30
bbc07ade-8cdb-48ed-be01-e71d840e62c2,bab4d946-7ded-438a-a6c5-1d059f44345d,7,Stairs,2003,23,62.84,40
616b8e5c-89a3-429c-9196-41170767c76e,bab4d946-7ded-438a-a6c5-1d059f44345d,8,Interior Finishes,1956,70,69.31,20
7c8e8fa8-e34e-46d8-a053-790e790d1a05,bab4d946-7ded-438a-a6c5-1d059f44345d,9,Conveying,2011,15,68.17,10
f89f141c-7a9a-46f9-b9eb-34cb0d47a4a2,bab4d946-7ded-438a-a6c5-1d059f44345d,10,Plumbing,1991,35,83.44,30
d09641c4-a0b6-499e-92b8-f5a99406250c,bab4d946-7ded-438a-a6c5-1d059f44345d,12,HVAC,1978,48,76.67,40
091ebef4-45d7-4180-bb58-da0283ede688,bab4d946-7ded-438a-a6c5-1d059f44345d,13,Fire Protection,1993,33,64.62,30
4ccf150f-5455-4b5c-bf06-20d1efef36ba,bab4d946-7ded-438a-a6c5-1d059f44345d,14,Electric,1954,72,70.02,40
94bfcadd-7eeb-4751-8a41-e37ca19b7021,bab4d946-7ded-438a-a6c5-1d059f44345d,15,Furnishing,2006,20,98.38,20
08945bfe-ae2b-470a-a326-1566f1a3a511,bab4d946-7ded-438a-a6c5-1d059f44345d,16,Protection,1992,34,53.18,10
a2ae2538-b92c-4a39-aab4-09435d25a5a1,bab4d946-7ded-438a-a6c5-1d059f44345d,17,Special construction,1997,29,82.4,10
adcfa40f-4c71-4deb-ad33-2a7054a9250e,bab4d946-7ded-438a-a6c5-1d059f44345d,18,Improvements,1995,31,81.91,10
3c8952b7-7ad0-4731-adda-50b6250488cc,bab4d946-7ded-438a-a6c5-1d059f44345d,19,Utilities,1953,73,79.69,30
33dc5e82-5b2a-4c0a-ac3c-1eeb44a5a9ef,bab4d946-7ded-438a-a6c5-1d059f44345d,20,Distribution,1994,32,39.73,30
93079db8-4235-4ed0-985f-081cfadf0bd2,bab4d946-7ded-438a-a6c5-1d059f44345d,21,Other Construction,1948,78,61.86,30
d3f5a5c1-c733-43fb-b1e3-b207924897ff,bab4d946-7ded-438a-a6c5-1d059f44345d,22,Special construction2,1958,68,73.33,30
239aef1e-2dd1-4196-8a85-4fb14f8b8e16,b6560b92-5bde-47ab-860a-27f7f5bcbad9,1,Foundation,1995,31,84.88,60
7b502383-2b25-4c17-877c-a6b0bf09454b,b6560b92-5bde-47ab-860a-27f7f5bcbad9,2,Basement,2007,19,51.48,60
961a59b5-78dc-487f-b566-b006195f7bf7,b6560b92-5bde-47ab-860a-27f7f5bcbad9,3,Superstructure,1996,30,80.83,50
cefef4fe-37b4-4624-823a-760aa479d0a3,b6560b92-5bde-47ab-860a-27f7f5bcbad9,4,Exterior Structure,2014,12,76.97,40
b4def36a-de65-417a-a829-14d997765576,b6560b92-5bde-47ab-860a-27f7f5bcbad9,5,Roofing,2000,26,70.07,20
fd104941-fe50-47c2-afa0-3aff84c8767a,b6560b92-5bde-47ab-860a-27f7f5bcbad9,6,Interior Construction,2013,13,73.04,30
5991531a-7264-4d13-98ba-4a74b1fab36e,b6560b92-5bde-47ab-860a-27f7f5bcbad9,7,Stairs,2003,23,65.99,40
5025f830-7d28-417e-8da9-d5bf269e2eee,b6560b92-5bde-47ab-860a-27f7f5bcbad9,8,Interior Finishes,1968,58,52.68,20
bcfda42d-baa9-4652-a2e5-90bfb50a47c5,b6560b92-5bde-47ab-860a-27f7f5bcbad9,9,Conveying,2001,25,79.58,10
9292bb9a-d7ff-4751-a279-b31d2adfcd81,b6560b92-5bde-47ab-860a-27f7f5bcbad9,10,Plumbing,1992,34,72.9,30
412226e7-1d3c-4093-b558-2797d6d46db1,b6560b92-5bde-47ab-860a-27f7f5bcbad9,12,HVAC,1989,37,37.01,40
05d7af22-fcf4-493f-b8aa-033334db7252,b6560b92-5bde-47ab-860a-27f7f5bcbad9,13,Fire Protection,1994,32,61.73,30
da5177dc-4004-467d-a79c-0ebc3e4af3b2,b6560b92-5bde-47ab-860a-27f7f5bcbad9,14,Electric,1988,38,63.06,40
e2c020ba-e602-4b76-8a42-40b5f0d535ee,b6560b92-5bde-47ab-860a-27f7f5bcbad9,15,Furnishing,2005,21,90.47,20
26f2754c-1dea-48bf-beaf-259e28455b7a,b6560b92-5bde-47ab-860a-27f7f5bcbad9,16,Protection,1967,59,57.82,10
69cceb03-e2da-4399-81c4-f35918df365e,b6560b92-5bde-47ab-860a-27f7f5bcbad9,17,Special construction,2001,25,99.92,10
2e84839a-f458-4fe3-9b23-f2322a6d2c84,b6560b92-5bde-47ab-860a-27f7f5bcbad9,18,Improvements,2013,13,57.05,10
ce8905cc-4cb3-4241-b12a-6e0a6c070fc1,b6560b92-5bde-47ab-860a-27f7f5bcbad9,19,Utilities,1998,28,70.56,30
75bb1022-3ce8-4874-b4fb-7ee83d9366fa,b6560b92-5bde-47ab-860a-27f7f5bcbad9,20,Distribution,1991,35,41.73,30
97bc95f0-2861-4e3a-93c2-c0042415a627,b6560b92-5bde-47ab-860a-27f7f5bcbad9,21,Other Construction,1996,30,71.89,30
81239a77-e852-40d9-8559-7e55ee450855,b6560b92-5bde-47ab-860a-27f7f5bcbad9,22,Special construction2,1995,31,57.98,30
2efc8ff0-32ea-4ba5-b514-174710fc3389,1fb92ad7-025a-48eb-bce7-1dd7a56eb3a1,1,Foundation,1995,31,84.56,60
2678c350-61f5-48e4-b8e1-b8b80d528c80,1fb92ad7-025a-48eb-bce7-1dd7a56eb3a1,2,Basement,1988,38,65.43,60
31c15ca2-3a04-46b9-8bce-8d8aa8af6348,1fb92ad7-025a-48eb-bce7-1dd7a56eb3a1,3,Superstructure,1952,74,58.01,50
b9b9320e-1865-482a-9d87-81d0b62f1d32,1fb92ad7-025a-48eb-bce7-1dd7a56eb3a1,4,Exterior Structure,1984,42,73.15,40
06a33f07-38a3-47f9-bb2c-425976c92497,1fb92ad7-025a-48eb-bce7-1dd7a56eb3a1,5,Roofing,1987,39,64.81,20
7b364ffe-bfc4-47ec-85b8-7d71c62638e7,1fb92ad7-025a-48eb-bce7-1dd7a56eb3a1,6,Interior Construction,1961,65,58.67,30
7afdfb0a-dc49-413a-bdca-dc9056318e66,1fb92ad7-025a-48eb-bce7-1dd7a56eb3a1,7,Stairs,2008,18,69.67,40
fb91dc74-1697-4624-97af-8c96a8b05971,1fb92ad7-025a-48eb-bce7-1dd7a56eb3a1,8,Interior Finishes,1985,41,84.35,20
490680ec-5906-4967-ac5a-d3b4c875dab0,1fb92ad7-025a-48eb-bce7-1dd7a56eb3a1,9,Conveying,2023,3,53.34,10
ba7678f0-fda1-434a-8253-6c7d18ac191a,1fb92ad7-025a-48eb-bce7-1dd7a56eb3a1,10,Plumbing,1957,69,50.18,30
8b41b68b-16a2-4f45-bed4-96e70d14e36c,1fb92ad7-025a-48eb-bce7-1dd7a56eb3a1,11,Art,2006,20,17.6,10
9c01cce7-08bb-4359-809e-19dab4647ce8,1fb92ad7-025a-48eb-bce7-1dd7a56eb3a1,12,HVAC,1992,34,55.33,40
8498c082-3ade-4248-84bb-cddd2fa4dc40,1fb92ad7-025a-48eb-bce7-1dd7a56eb3a1,13,Fire Protection,1988,38,77.04,30
44898bcc-b7bf-4532-bb1e-0858fd12449c,1fb92ad7-025a-48eb-bce7-1dd7a56eb3a1,14,Electric,2002,24,61.45,40
a89f5a1b-5967-49f6-91a2-b5bb03449bbd,1fb92ad7-025a-48eb-bce7-1dd7a56eb3a1,15,Furnishing,2024,2,51.01,20
d8dd8e2e-deba-4fb9-a339-decb6ec92187,1fb92ad7-025a-48eb-bce7-1dd7a56eb3a1,16,Protection,1989,37,57.66,10
5f0d8869-5658-4fa4-8be9-8b2782747951,1fb92ad7-025a-48eb-bce7-1dd7a56eb3a1,17,Special construction,1967,59,80.16,10
b1420728-a990-459a-8e4a-4aba8973dd2f,1fb92ad7-025a-48eb-bce7-1dd7a56eb3a1,18,Improvements,2000,26,65.03,10
3476f119-32d1-4f3b-b6bb-ae7282a1844d,1fb92ad7-025a-48eb-bce7-1dd7a56eb3a1,19,Utilities,1951,75,74.77,30
30343668-0484-4000-83ce-7fd3a485be58,1fb92ad7-025a-48eb-bce7-1dd7a56eb3a1,20,Distribution,2009,17,84.7,30
050c485e-6412-41e8-a033-6f4ab8a10840,1fb92ad7-025a-48eb-bce7-1dd7a56eb3a1,21,Other Construction,2008,18,75.16,30
e980c1ae-f7d6-495d-8b76-7d09019be582,1fb92ad7-025a-48eb-bce7-1dd7a56eb3a1,22,Special construction2,2021,5,47.38,30
01011682-cd05-4e0c-961e-b7b7b396ca03,faade3f4-d6f5-43b2-8392-aabfecca581b,1,Foundation,2007,19,72.3,60
ea5db720-b45f-4c1a-8ece-4a5a3fe72141,faade3f4-d6f5-43b2-8392-aabfecca581b,2,Basement,2001,25,75.36,60
b8f3b484-a42c-419f-ac57-c33006628edb,faade3f4-d6f5-43b2-8392-aabfecca581b,3,Superstructure,1991,35,50.33,50
070622b5-e183-4b98-b200-abb6bcc8f0d3,faade3f4-d6f5-43b2-8392-aabfecca581b,4,Exterior Structure,1998,28,95.31,40
04dad18b-71f0-417d-beef-94af628a6aa0,faade3f4-d6f5-43b2-8392-aabfecca581b,5,Roofing,2014,12,89.05,20
e9b46ac2-95e0-4ef7-826f-d65686f7fa31,faade3f4-d6f5-43b2-8392-aabfecca581b,6,Interior Construction,2012,14,73.61,30
9b90bb9d-f647-403e-ab4a-9a944cf166ce,faade3f4-d6f5-43b2-8392-aabfecca581b,7,Stairs,1970,56,53.24,40
9f9c1be8-31d0-4e8d-ac8c-7d12a9d9eba9,faade3f4-d6f5-43b2-8392-aabfecca581b,8,Interior Finishes,2013,13,66.1,20
a915d563-8f18-4a80-b0f3-a1daa70cba57,faade3f4-d6f5-43b2-8392-aabfecca581b,9,Conveying,1992,34,55.98,10
1f4b4c8a-6a7a-448a-876d-f113aa96b4d5,faade3f4-d6f5-43b2-8392-aabfecca581b,10,Plumbing,1983,43,37.03,30
8ba60523-bc75-442a-b259-0600751d4cd4,faade3f4-d6f5-43b2-8392-aabfecca581b,12,HVAC,2014,12,57.5,40
6bfbf6b0-3804-4272-a208-ca17d05f1690,faade3f4-d6f5-43b2-8392-aabfecca581b,13,Fire Protection,2013,13,63.99,30
f4d2ec70-4b2f-4c4b-b443-10c4a6179987,faade3f4-d6f5-43b2-8392-aabfecca581b,14,Electric,2005,21,78.67,40
93d3847e-39a2-4051-81ea-3e4ed39c2691,faade3f4-d6f5-43b2-8392-aabfecca581b,15,Furnishing,1995,31,76.21,20
672c3521-bd51-435a-a212-ddc1736d3af3,faade3f4-d6f5-43b2-8392-aabfecca581b,16,Protection,2013,13,82.24,10
2bca189b-e97f-4994-921f-66534ab82cf2,faade3f4-d6f5-43b2-8392-aabfecca581b,18,Improvements,1996,30,72.79,10
8f45eef0-075c-49c4-bd4d-89875b5bace2,faade3f4-d6f5-43b2-8392-aabfecca581b,19,Utilities,2002,24,79.99,30
f6c31aed-f813-4b52-b7c1-3ebae35b8d3d,faade3f4-d6f5-43b2-8392-aabfecca581b,20,Distribution,2025,1,22.21,30
c0aa3090-2531-4bf9-96fd-4a58e4532120,faade3f4-d6f5-43b2-8392-aabfecca581b,21,Other Construction,2006,20,82.28,30
77d23119-43ba-4bd1-b3db-0b10b353c5ca,faade3f4-d6f5-43b2-8392-aabfecca581b,22,Special construction2,2021,5,79.68,30
41758ce4-427b-4f06-b10f-293ac282494f,b8e6a466-0e32-4435-a8cf-0ae9a845ad92,1,Foundation,2003,23,52.21,60
96d5393d-045c-4dbc-8896-31d152175114,b8e6a466-0e32-4435-a8cf-0ae9a845ad92,3,Superstructure,1994,32,74.76,50
76e45422-7c21-4c47-b1c3-4862f0dc6a31,b8e6a466-0e32-4435-a8cf-0ae9a845ad92,4,Exterior Structure,1975,51,76.06,40
843bfbe8-18bb-45cf-83b4-8e2f424aa318,b8e6a466-0e32-4435-a8cf-0ae9a845ad92,5,Roofing,2005,21,79.31,20
0d5faa63-2062-4718-b435-ae27e4afedf4,b8e6a466-0e32-4435-a8cf-0ae9a845ad92,6,Interior Construction,1988,38,72.61,30
c69f6c2c-a458-425d-b485-600d0da86f60,b8e6a466-0e32-4435-a8cf-0ae9a845ad92,7,Stairs,1952,74,80.13,40
7440a4e3-7f5f-4f06-86c0-f139331721e4,b8e6a466-0e32-4435-a8cf-0ae9a845ad92,8,Interior Finishes,2012,14,64.32,20
8ad20763-e7ca-401b-8fc9-3ba18ade8481,b8e6a466-0e32-4435-a8cf-0ae9a845ad92,9,Conveying,1991,35,59.09,10
1e804e1e-a8de-49ee-9236-bc742ba7da43,b8e6a466-0e32-4435-a8cf-0ae9a845ad92,10,Plumbing,1994,32,65.65,30
32cf596b-f6bc-4824-8c69-ed077dda8c8a,b8e6a466-0e32-4435-a8cf-0ae9a845ad92,13,Fire Protection,1994,32,53.6,30
1a03f5b5-6c63-4807-a32e-3b5380716fb6,b8e6a466-0e32-4435-a8cf-0ae9a845ad92,18,Improvements,1971,55,77.99,10
c538f336-cf25-4888-8351-1dbe61d94d88,78670683-2582-4054-b2cc-25fa31cf32fc,1,Foundation,2018,8,81.53,60
913407f3-d782-4f24-b1ee-cfe494b4a5c5,78670683-2582-4054-b2cc-25fa31cf32fc,2,Basement,2024,2,88.53,60
18768ea9-cdc8-4cd2-a7e5-4a8ee3d06ab1,78670683-2582-4054-b2cc-25fa31cf32fc,3,Superstructure,2008,18,67.66,50
4ae57751-aa4d-4b6b-a7b1-1815cb61aa82,78670683-2582-4054-b2cc-25fa31cf32fc,4,Exterior Structure,1996,30,89.75,40
f9e612e2-2cb2-4133-9b1f-77c2e9ae9c9f,78670683-2582-4054-b2cc-25fa31cf32fc,5,Roofing,1996,30,72.65,20
1322ac8e-49a9-41d6-ac02-14b5a34f2f2a,78670683-2582-4054-b2cc-25fa31cf32fc,6,Interior Construction,2014,12,69.08,30
e0417539-d36d-46b1-a8a8-e5bc71f22ed6,78670683-2582-4054-b2cc-25fa31cf32fc,7,Stairs,2003,23,97.95,40
6e30782b-81a2-48ee-8398-d50c0983bdda,78670683-2582-4054-b2cc-25fa31cf32fc,8,Interior Finishes,1997,29,63.48,20
8f8076b4-a35a-4337-a2d1-82a57f5c05a8,78670683-2582-4054-b2cc-25fa31cf32fc,9,Conveying,1990,36,51.63,10
c2e2a1b7-6438-48e1-91c5-eddaece1e483,78670683-2582-4054-b2cc-25fa31cf32fc,10,Plumbing,2008,18,76.17,30
e9276d48-b7ec-49a0-a8f3-f53b7d9be88b,78670683-2582-4054-b2cc-25fa31cf32fc,12,HVAC,1995,31,82.2,40
8b1c663e-f0df-46fb-bc20-fc12c6e164ac,78670683-2582-4054-b2cc-25fa31cf32fc,13,Fire Protection,2014,12,61.17,30
92fc85f0-45d5-499c-85a4-d99b35e99c3e,78670683-2582-4054-b2cc-25fa31cf32fc,14,Electric,1992,34,65.19,40
8cf2fe93-7511-4ceb-a6cc-e654d0c0eea8,78670683-2582-4054-b2cc-25fa31cf32fc,15,Furnishing,1965,61,69.61,20
bbea67aa-69b2-4911-a596-6ac96c7d0c3d,78670683-2582-4054-b2cc-25fa31cf32fc,16,Protection,2001,25,79.89,10
e913d9a0-96d2-4eb6-869b-54db5262a0a1,78670683-2582-4054-b2cc-25fa31cf32fc,18,Improvements,1992,34,64.5,10
bfc33265-61d2-439f-a046-bdb29ff96d8f,78670683-2582-4054-b2cc-25fa31cf32fc,19,Utilities,1997,29,95.34,30
1f7fcd82-be20-4637-aab1-0094c072a671,78670683-2582-4054-b2cc-25fa31cf32fc,20,Distribution,2019,7,68.29,30
5e2db5de-b72d-45fb-8b3c-273722dbbb42,78670683-2582-4054-b2cc-25fa31cf32fc,21,Other Construction,2001,25,52.64,30
876c6256-7f36-4ccd-8dd1-55643aee4b8b,78670683-2582-4054-b2cc-25fa31cf32fc,22,Special construction2,2001,25,75.81,30
301c9733-f2ef-4caa-92ef-5ab4317eee29,f5f10a80-d022-4120-b7b1-4fa4ba372bec,1,Foundation,2009,17,77.83,60
2f4a939b-ce83-4f5a-b6aa-356ed8eaba0c,f5f10a80-d022-4120-b7b1-4fa4ba372bec,2,Basement,1992,34,36.45,60
72fd2a0e-54a6-4aa9-a7b6-de8237118c2d,f5f10a80-d022-4120-b7b1-4fa4ba372bec,3,Superstructure,1981,45,51.43,50
35a0a476-cb19-47c1-8f5f-cccb88c56544,f5f10a80-d022-4120-b7b1-4fa4ba372bec,4,Exterior Structure,2014,12,80.11,40
0ac4fabf-fd50-4138-881c-d83cc182a6a1,f5f10a80-d022-4120-b7b1-4fa4ba372bec,5,Roofing,1969,57,76.61,20
c8dbaf63-9721-4248-8c90-57461fbe2651,f5f10a80-d022-4120-b7b1-4fa4ba372bec,6,Interior Construction,1991,35,63.9,30
d98db449-d677-475f-adba-aecbcd32b000,f5f10a80-d022-4120-b7b1-4fa4ba372bec,7,Stairs,2002,24,55.89,40
77d6407f-c241-43ab-acc5-d57a78ed9955,f5f10a80-d022-4120-b7b1-4fa4ba372bec,8,Interior Finishes,2007,19,63.51,20
621fef65-5478-4b10-bb8d-26389467554f,f5f10a80-d022-4120-b7b1-4fa4ba372bec,9,Conveying,1950,76,96.24,10
1ee09e53-021c-490a-91eb-d7ea41bf1d97,f5f10a80-d022-4120-b7b1-4fa4ba372bec,10,Plumbing,2007,19,83.68,30
57748da8-a104-4dea-9a67-39a7aa2ea8e2,f5f10a80-d022-4120-b7b1-4fa4ba372bec,12,HVAC,1960,66,82.92,40
a4732132-ff89-4f66-b00d-f18acef8656c,f5f10a80-d022-4120-b7b1-4fa4ba372bec,13,Fire Protection,1990,36,99.52,30
3acdb8c6-eebd-49dc-9880-56408b6d2e52,f5f10a80-d022-4120-b7b1-4fa4ba372bec,14,Electric,1997,29,72.77,40
1bca188b-545e-4f51-a21a-64e95b87389f,f5f10a80-d022-4120-b7b1-4fa4ba372bec,15,Furnishing,2025,1,61.99,20
4609d4cc-0855-4d44-a78a-61b2fc1eb45a,f5f10a80-d022-4120-b7b1-4fa4ba372bec,16,Protection,1991,35,50.09,10
66e28b48-8067-4490-8ec8-1d8f1c61f837,f5f10a80-d022-4120-b7b1-4fa4ba372bec,18,Improvements,2003,23,50.43,10
7189ee20-37e4-4d90-9c01-a39c72ad2c67,f5f10a80-d022-4120-b7b1-4fa4ba372bec,19,Utilities,1990,36,62.3,30
a780efad-b701-4e19-b81f-074931cb0e69,f5f10a80-d022-4120-b7b1-4fa4ba372bec,20,Distribution,1979,47,66.11,30
813e4aff-8e14-4102-aea0-6292ddf79448,f5f10a80-d022-4120-b7b1-4fa4ba372bec,21,Other Construction,2015,11,65.05,30
7c2b6f3a-32ff-485c-a224-4d772c78c9e2,f5f10a80-d022-4120-b7b1-4fa4ba372bec,22,Special construction2,2011,15,80.37,30
54da6405-eb26-4f08-9b19-0045e658f0c7,4617aeee-367f-410f-b7b0-05d9aad994a3,1,Foundation,1994,32,80.3,60
64271f0f-10e1-449f-a575-98bab047b30c,4617aeee-367f-410f-b7b0-05d9aad994a3,2,Basement,1999,27,62.81,60
c94d2c16-9ebc-4bd1-b333-b7207d152778,4617aeee-367f-410f-b7b0-05d9aad994a3,3,Superstructure,2009,17,84.99,50
f599efc8-5614-4e9c-8866-e429d7aedfc5,4617aeee-367f-410f-b7b0-05d9aad994a3,4,Exterior Structure,1947,79,82.54,40
47db9e9c-808c-46d2-8b12-a4e991efdd70,4617aeee-367f-410f-b7b0-05d9aad994a3,5,Roofing,1998,28,63.24,20
b4be6764-f6a1-4826-99c2-55fd3e8d6969,4617aeee-367f-410f-b7b0-05d9aad994a3,6,Interior Construction,2009,17,82.5,30
ed377268-7757-4476-ba5f-fea6e2c2637e,4617aeee-367f-410f-b7b0-05d9aad994a3,7,Stairs,2003,23,25.78,40
90a78c3e-cc94-41e0-955f-70314e7dad5b,4617aeee-367f-410f-b7b0-05d9aad994a3,8,Interior Finishes,1988,38,61.5,20
98aae313-20a6-403c-a8c6-30cca9de02e5,4617aeee-367f-410f-b7b0-05d9aad994a3,9,Conveying,2015,11,67.4,10
cec2f4d8-186d-49a3-9fa0-ab6141828514,4617aeee-367f-410f-b7b0-05d9aad994a3,10,Plumbing,1955,71,76.8,30
1940e772-9c86-42ba-bcb7-cfea0073700a,4617aeee-367f-410f-b7b0-05d9aad994a3,12,HVAC,1958,68,74.31,40
d26e6864-4607-42ab-a190-3aea280730d4,4617aeee-367f-410f-b7b0-05d9aad994a3,13,Fire Protection,2026,0,58.38,30
760a5d53-9d0b-4600-a867-8ed613165b4a,4617aeee-367f-410f-b7b0-05d9aad994a3,14,Electric,2015,11,74.26,40
0fab6874-297e-4044-9852-072684b0ad56,4617aeee-367f-410f-b7b0-05d9aad994a3,15,Furnishing,2002,24,67.6,20
6f1416e0-7673-48e1-bad7-d3a32ae24ed5,4617aeee-367f-410f-b7b0-05d9aad994a3,16,Protection,1988,38,66.56,10
08cd57f2-f73c-499c-b989-7ae027fcf69a,4617aeee-367f-410f-b7b0-05d9aad994a3,17,Special construction,2003,23,50.68,10
89338cae-d7fa-4457-be29-24cf08686302,4617aeee-367f-410f-b7b0-05d9aad994a3,18,Improvements,2006,20,66.54,10
b8fa517c-0a4c-45d5-baf1-e19e69698195,4617aeee-367f-410f-b7b0-05d9aad994a3,19,Utilities,1950,76,72.19,30
df3c0fe6-2fb3-4006-a95e-f0b664ed49a5,4617aeee-367f-410f-b7b0-05d9aad994a3,20,Distribution,1959,67,74.62,30
df2bbc2a-7580-4c22-b6fd-66bd8dd154c3,4617aeee-367f-410f-b7b0-05d9aad994a3,21,Other Construction,1953,73,71.4,30
e860799e-17cc-46f3-82d2-b78221d28db0,4617aeee-367f-410f-b7b0-05d9aad994a3,22,Special construction2,2007,19,84.44,30
9469cf67-1dc6-4bd3-a870-24d98056ca64,8e144419-2985-4104-b20f-b3530c5d0a0a,1,Foundation,1990,36,73.93,60
2baf54a9-34b1-4694-857e-c75a22ce8d68,8e144419-2985-4104-b20f-b3530c5d0a0a,3,Superstructure,2006,20,78.26,50
308fe1a2-d8f8-40c6-9db1-6d216c8309b7,8e144419-2985-4104-b20f-b3530c5d0a0a,4,Exterior Structure,2007,19,71.49,40
184dbe01-3d0e-4d22-85b6-a6210b3b4397,8e144419-2985-4104-b20f-b3530c5d0a0a,5,Roofing,1993,33,58.18,20
9982c01a-e64d-47b5-8014-f7f408c6524d,8e144419-2985-4104-b20f-b3530c5d0a0a,6,Interior Construction,1998,28,79.6,30
5a46cb78-269d-4c3e-ab06-bd0330a30a67,8e144419-2985-4104-b20f-b3530c5d0a0a,8,Interior Finishes,2009,17,84.7,20
e8cb49a4-93ba-4079-9d36-80fd9aa6c6de,8e144419-2985-4104-b20f-b3530c5d0a0a,9,Conveying,1997,29,66.04,10
ff65a432-1166-4e4f-9c66-3d79084632ec,8e144419-2985-4104-b20f-b3530c5d0a0a,10,Plumbing,1988,38,68.21,30
7257c957-506d-44ea-b3ad-e2b909069c66,8e144419-2985-4104-b20f-b3530c5d0a0a,13,Fire Protection,1962,64,63.25,30
68816837-af71-4845-b197-547d65579777,8e144419-2985-4104-b20f-b3530c5d0a0a,14,Electric,2023,3,68.25,40
d1c9be6f-ebdf-42f0-8324-f5f70b123261,8e144419-2985-4104-b20f-b3530c5d0a0a,16,Protection,2006,20,78.51,10
2403ba7d-d45b-47d6-a167-67b4a5c56a88,8e144419-2985-4104-b20f-b3530c5d0a0a,18,Improvements,2005,21,12.74,10
74fc110d-b77c-4405-bc20-6b3af49f71cf,8e144419-2985-4104-b20f-b3530c5d0a0a,19,Utilities,2019,7,64.85,30
f8a98fee-15df-404f-a4f3-bfc7b73b4f05,8e144419-2985-4104-b20f-b3530c5d0a0a,20,Distribution,1995,31,63.42,30
29891f6e-f7f1-4e93-9ae9-ee4ce8a08eab,8e144419-2985-4104-b20f-b3530c5d0a0a,21,Other Construction,2012,14,96.25,30
d73f9ac1-aee3-4d2a-996b-677b03949c17,8e144419-2985-4104-b20f-b3530c5d0a0a,22,Special construction2,1980,46,74.68,30
5d4d9ca1-a6f4-450f-9793-4326c52fa60e,3622d125-2718-4f0b-9401-a5209ff47e11,1,Foundation,1995,31,50.05,60
fe2314f1-8e3b-400d-b9f3-b8ff11499485,3622d125-2718-4f0b-9401-a5209ff47e11,3,Superstructure,2005,21,37.96,50
caad9640-8e4d-4be7-9914-be9c156ffc5d,3622d125-2718-4f0b-9401-a5209ff47e11,4,Exterior Structure,2025,1,96.54,40
65edea62-49ea-4116-932b-0f7d4fb81cd8,3622d125-2718-4f0b-9401-a5209ff47e11,5,Roofing,1950,76,63.64,20
defdc2eb-9a94-4849-874d-c5e48014584b,3622d125-2718-4f0b-9401-a5209ff47e11,6,Interior Construction,1997,29,76.61,30
98687099-eb95-411e-bbc7-44a29e2a75d7,3622d125-2718-4f0b-9401-a5209ff47e11,7,Stairs,1994,32,81.97,40
6a8667c5-379b-46ab-aec8-f1b146ae2ed1,3622d125-2718-4f0b-9401-a5209ff47e11,8,Interior Finishes,1992,34,54.96,20
b1771e1e-7120-4ef0-aac3-5e7e64dc5ba4,3622d125-2718-4f0b-9401-a5209ff47e11,9,Conveying,2005,21,80.43,10
facb6362-dbad-47a3-8549-13bce3295aaf,3622d125-2718-4f0b-9401-a5209ff47e11,10,Plumbing,1957,69,54.98,30
887b1691-8a27-4fcf-85d5-4428ac914451,3622d125-2718-4f0b-9401-a5209ff47e11,13,Fire Protection,1961,65,57.65,30
bd9c3568-bc3f-4a4c-9773-e3f3997037b6,3622d125-2718-4f0b-9401-a5209ff47e11,14,Electric,1979,47,58.03,40
ed9d52bb-83fe-429d-8c57-b7f6a372ced1,3622d125-2718-4f0b-9401-a5209ff47e11,16,Protection,1988,38,63.74,10
2e60163a-e31b-44b1-a50d-23ecb8472f68,3622d125-2718-4f0b-9401-a5209ff47e11,18,Improvements,1964,62,67.98,10
79ffff20-9c33-40db-9819-ccd0d4917725,3622d125-2718-4f0b-9401-a5209ff47e11,19,Utilities,1965,61,80.07,30
220bb1c7-dbed-4c8c-bfa4-fbb6d555acfa,3622d125-2718-4f0b-9401-a5209ff47e11,20,Distribution,2000,26,92.58,30
b0af3188-f43c-4bf2-85e0-9cfb8491ee09,3622d125-2718-4f0b-9401-a5209ff47e11,21,Other Construction,1973,53,45.7,30
56f2eedd-00d8-49c9-805d-92fe2368b9f2,3622d125-2718-4f0b-9401-a5209ff47e11,22,Special construction2,2013,13,77.28,30
4167065c-1034-4fd5-a67d-a4fe8050a099,eb14265d-3bdb-4dc0-b073-b143ede1bcd0,1,Foundation,2009,17,57.26,60
f60a3281-04fb-4c58-80c8-2198c026392a,eb14265d-3bdb-4dc0-b073-b143ede1bcd0,2,Basement,2012,14,52.59,60
4799ea78-0843-4974-b357-22c1bf834305,eb14265d-3bdb-4dc0-b073-b143ede1bcd0,3,Superstructure,2003,23,72.09,50
c5345ed5-9f1c-47e8-9599-7da8b6d78230,eb14265d-3bdb-4dc0-b073-b143ede1bcd0,4,Exterior Structure,2016,10,79.74,40
e7e94198-e75e-400d-b750-58c0ac47d6e8,eb14265d-3bdb-4dc0-b073-b143ede1bcd0,5,Roofing,1998,28,82.44,20
da852c96-e3db-4bab-87ff-244044ec7759,eb14265d-3bdb-4dc0-b073-b143ede1bcd0,6,Interior Construction,2015,11,82.27,30
d736ca04-90f2-44d5-9c5d-14499c1d7cb7,eb14265d-3bdb-4dc0-b073-b143ede1bcd0,7,Stairs,1971,55,78.32,40
df0543bb-e4f9-45fb-8ed1-b9cbe36934ad,eb14265d-3bdb-4dc0-b073-b143ede1bcd0,8,Interior Finishes,1992,34,75.25,20
49311bce-11e4-46a1-9d54-e39af66c8204,eb14265d-3bdb-4dc0-b073-b143ede1bcd0,9,Conveying,1967,59,62.35,10
2edc4dfd-af06-4013-898c-9f7cf9146019,eb14265d-3bdb-4dc0-b073-b143ede1bcd0,10,Plumbing,1993,33,59.32,30
07c15adb-6112-410c-90d6-0df586431a31,eb14265d-3bdb-4dc0-b073-b143ede1bcd0,12,HVAC,1988,38,62.18,40
a4a56796-b90c-4cea-947a-1ebafcadba95,eb14265d-3bdb-4dc0-b073-b143ede1bcd0,13,Fire Protection,2001,25,71.61,30
69c9ecae-a7e1-4543-8397-2c54e46c2540,eb14265d-3bdb-4dc0-b073-b143ede1bcd0,14,Electric,1977,49,51.78,40
96ed990a-a5d6-4049-801c-ff2c983a2622,eb14265d-3bdb-4dc0-b073-b143ede1bcd0,15,Furnishing,2000,26,19.76,20
f00fd698-a9f7-4274-a3b7-fefa257e7720,eb14265d-3bdb-4dc0-b073-b143ede1bcd0,16,Protection,2019,7,54.85,10
b01ab4b2-32df-4bd8-9e49-98a59feb7adf,eb14265d-3bdb-4dc0-b073-b143ede1bcd0,17,Special construction,2009,17,66.47,10
4c6a26c6-3e60-430d-9323-aacfc63ade5d,eb14265d-3bdb-4dc0-b073-b143ede1bcd0,18,Improvements,2019,7,14.53,10
a4df31e6-1b9f-4ef4-9106-67705c272e43,eb14265d-3bdb-4dc0-b073-b143ede1bcd0,19,Utilities,2005,21,80.83,30
d922c824-f1cd-473e-9530-832513301da6,eb14265d-3bdb-4dc0-b073-b143ede1bcd0,20,Distribution,2001,25,66.06,30
2aa2c6a4-f365-4734-9bc0-1f5924bde69f,eb14265d-3bdb-4dc0-b073-b143ede1bcd0,21,Other Construction,1988,38,81.68,30
720e98dc-07b7-47d2-add5-ed6331d04cb1,eb14265d-3bdb-4dc0-b073-b143ede1bcd0,22,Special construction2,2008,18,74.33,30
f3e7e632-5a33-4475-9636-e918c9d2d87f,c0f29a41-6d73-40a6-9014-7609114e7538,1,Foundation,2000,26,62.19,60
266ef2e7-aaa6-40f3-a8b7-6f4b15fed729,c0f29a41-6d73-40a6-9014-7609114e7538,3,Superstructure,1996,30,29.55,50
0e0042cf-cae8-41de-8f02-8c043fdc4112,c0f29a41-6d73-40a6-9014-7609114e7538,4,Exterior Structure,2008,18,48.85,40
1fd01da6-0f23-49dd-adfb-ad26d973726b,c0f29a41-6d73-40a6-9014-7609114e7538,5,Roofing,2007,19,59.81,20
9b24ad04-7621-47e3-9036-8ded710ec799,c0f29a41-6d73-40a6-9014-7609114e7538,8,Interior Finishes,1997,29,61.19,20
3b0552e5-c492-49ba-8f03-36345d2be423,c0f29a41-6d73-40a6-9014-7609114e7538,9,Conveying,1994,32,56.71,10
c9f8fca6-e197-4255-810e-5dc78a75743a,c0f29a41-6d73-40a6-9014-7609114e7538,10,Plumbing,2019,7,6.19,30
4aae278d-033b-4b43-8961-7787c0e5c81a,c0f29a41-6d73-40a6-9014-7609114e7538,13,Fire Protection,1952,74,82.55,30
3ed23875-5ad9-4bcd-a6ab-e495bcc4194e,c0f29a41-6d73-40a6-9014-7609114e7538,14,Electric,1999,27,53.36,40
69cafd33-91ba-471a-9c52-32aa83a4d2f3,c0f29a41-6d73-40a6-9014-7609114e7538,16,Protection,1994,32,66.5,10
d0701864-c751-43df-8980-498eda8b95fc,c0f29a41-6d73-40a6-9014-7609114e7538,18,Improvements,1991,35,63.92,10
368e44d5-99dc-4ae3-ad9b-1825449612df,c0f29a41-6d73-40a6-9014-7609114e7538,19,Utilities,1994,32,83.26,30
ee41d215-2213-4f67-ac87-4ff642a51ff0,c0f29a41-6d73-40a6-9014-7609114e7538,20,Distribution,1958,68,67.64,30
eb5a210b-854c-44cb-9053-bda6d034cbf7,c0f29a41-6d73-40a6-9014-7609114e7538,21,Other Construction,2015,11,20.24,30
4be49660-cbaa-4b5c-a966-2cfa854161ac,c0f29a41-6d73-40a6-9014-7609114e7538,22,Special construction2,1960,66,52.76,30
6430162a-8195-402d-9eb5-5944d788c495,76f16d9a-b91c-43f6-b25c-b633f873cbea,1,Foundation,2016,10,83.81,60
6814ab6d-b57c-4dcd-993a-79a6da2727c3,76f16d9a-b91c-43f6-b25c-b633f873cbea,3,Superstructure,1999,27,70.06,50
0e6f36ac-c2e2-4e0c-9898-7f7b21c3093a,76f16d9a-b91c-43f6-b25c-b633f873cbea,4,Exterior Structure,1991,35,58.26,40
9707498f-d0aa-4c30-97f2-df93dfd70410,76f16d9a-b91c-43f6-b25c-b633f873cbea,5,Roofing,1990,36,81.24,20
c6c68c9d-62fa-4b07-b4ad-2668c83ae508,76f16d9a-b91c-43f6-b25c-b633f873cbea,6,Interior Construction,2012,14,54.51,30
d59e46e7-594e-4c53-b7b5-46b0d9d54aa9,76f16d9a-b91c-43f6-b25c-b633f873cbea,7,Stairs,2015,11,67.17,40
fbf6ac55-c15d-4cdc-ae3e-e950c59e00c3,76f16d9a-b91c-43f6-b25c-b633f873cbea,8,Interior Finishes,1997,29,83.91,20
7f85cd84-44a3-4be7-a21d-75d632a9ae08,76f16d9a-b91c-43f6-b25c-b633f873cbea,9,Conveying,2011,15,66.39,10
619fb99d-ae37-4076-aacd-21e25c01a33b,76f16d9a-b91c-43f6-b25c-b633f873cbea,10,Plumbing,1985,41,60.49,30
8adeb591-84ff-48cc-ab48-2331326f7d1c,76f16d9a-b91c-43f6-b25c-b633f873cbea,13,Fire Protection,1998,28,70.75,30
ede5d924-c238-49e8-bbc6-eeb976d7450e,76f16d9a-b91c-43f6-b25c-b633f873cbea,14,Electric,1997,29,82.76,40
8c551828-dcc9-4138-8a38-6aeedee26eff,76f16d9a-b91c-43f6-b25c-b633f873cbea,16,Protection,1997,29,78.35,10
b8416e06-33d0-4e8f-b36e-92ca5e8ddcf2,76f16d9a-b91c-43f6-b25c-b633f873cbea,18,Improvements,1979,47,52.09,10
44c32ed4-1d51-406f-a4a8-599cf96d22f9,76f16d9a-b91c-43f6-b25c-b633f873cbea,19,Utilities,2019,7,60.97,30
2ed015c7-ae99-49e0-b0b2-7f636e644954,76f16d9a-b91c-43f6-b25c-b633f873cbea,20,Distribution,1994,32,21.65,30
50d5dc02-b5ff-4624-b65e-d5eaa2fe691b,76f16d9a-b91c-43f6-b25c-b633f873cbea,21,Other Construction,1998,28,87.73,30
4f7051e2-f30a-4bef-a8d3-a12481129972,76f16d9a-b91c-43f6-b25c-b633f873cbea,22,Special construction2,2012,14,67.65,30
75160169-b378-4b11-aafe-271707729979,99a0a2b2-fd9f-454d-bafb-f1eb334140f0,1,Foundation,1992,34,79.47,60
b9dac0f2-cfab-4741-b882-0d9cfeca88b8,99a0a2b2-fd9f-454d-bafb-f1eb334140f0,2,Basement,2013,13,71.94,60
46f6e2e0-0e39-4c62-a039-72eb37e284fc,99a0a2b2-fd9f-454d-bafb-f1eb334140f0,3,Superstructure,2020,6,57.1,50
083fb91d-21e4-4d7f-bdc1-e6f275e9cf9d,99a0a2b2-fd9f-454d-bafb-f1eb334140f0,4,Exterior Structure,2009,17,50.13,40
18d0a2bd-c58a-4774-a09e-b677e6db0e1d,99a0a2b2-fd9f-454d-bafb-f1eb334140f0,5,Roofing,2005,21,71.32,20
da34f1bd-fb67-4c29-a3d6-c5268e3d805f,99a0a2b2-fd9f-454d-bafb-f1eb334140f0,6,Interior Construction,2019,7,58.48,30
203e91cc-0255-4725-8ba0-d493d7599fba,99a0a2b2-fd9f-454d-bafb-f1eb334140f0,7,Stairs,2014,12,26.4,40
857e87be-4945-490e-a3f5-6e631ffd8149,99a0a2b2-fd9f-454d-bafb-f1eb334140f0,8,Interior Finishes,2001,25,58.08,20
bf24b8e2-9705-4d51-bb8d-d5ac8440324e,99a0a2b2-fd9f-454d-bafb-f1eb334140f0,9,Conveying,2005,21,69.24,10
4eb081ac-a4bc-4840-8900-7cece182d701,99a0a2b2-fd9f-454d-bafb-f1eb334140f0,10,Plumbing,2005,21,51.76,30
d6c2db12-1ea4-422d-9a78-7f632e7b562a,99a0a2b2-fd9f-454d-bafb-f1eb334140f0,12,HVAC,1999,27,24.74,40
26efccf8-1ec6-4426-a9f6-91c1cadea137,99a0a2b2-fd9f-454d-bafb-f1eb334140f0,13,Fire Protection,2006,20,83.93,30
74eddc75-40b1-48ad-a66b-319c9b78054f,99a0a2b2-fd9f-454d-bafb-f1eb334140f0,14,Electric,2014,12,60.49,40
4bd70229-bcc0-4488-a2be-94884851bf91,99a0a2b2-fd9f-454d-bafb-f1eb334140f0,15,Furnishing,1990,36,51.4,20
ddb3ae3e-9c12-417c-92ee-ef6d31548fde,99a0a2b2-fd9f-454d-bafb-f1eb334140f0,16,Protection,1990,36,79.93,10
00fa3054-fcc0-4f14-acab-923f1ac916ab,99a0a2b2-fd9f-454d-bafb-f1eb334140f0,17,Special construction,1989,37,70.23,10
612a5e73-5179-4941-867d-6de4c9495aa0,99a0a2b2-fd9f-454d-bafb-f1eb334140f0,18,Improvements,2004,22,68.14,10
9da71d6e-df40-4242-a1a9-7ed542d1e0f5,99a0a2b2-fd9f-454d-bafb-f1eb334140f0,19,Utilities,1989,37,67.88,30
eb3f8d1d-4bea-4bde-8866-9a988dce9aa6,99a0a2b2-fd9f-454d-bafb-f1eb334140f0,20,Distribution,1994,32,88.85,30
699e26ce-1710-4dc2-b95b-d6efb8e54c4e,99a0a2b2-fd9f-454d-bafb-f1eb334140f0,21,Other Construction,1991,35,79.87,30
89af3278-90ff-44d9-adf1-ec16c58b2d5d,99a0a2b2-fd9f-454d-bafb-f1eb334140f0,22,Special construction2,2003,23,51.77,30
465d2fbc-6e61-412d-a530-fa681c3e34a0,d1124854-a59e-4299-9791-49af0dba4375,1,Foundation,2002,24,59.51,60
8cd92e89-4158-4af9-bda0-5badb9edc271,d1124854-a59e-4299-9791-49af0dba4375,3,Superstructure,2010,16,55.39,50
d95b13c8-a345-4a9b-a1af-55967385aacc,d1124854-a59e-4299-9791-49af0dba4375,4,Exterior Structure,2009,17,77.99,40
572a2f91-3dcf-4aed-8ae6-a107203fd80e,d1124854-a59e-4299-9791-49af0dba4375,5,Roofing,1978,48,56.37,20
9a13f1ff-3f1e-4a76-adb0-f480c6230f32,d1124854-a59e-4299-9791-49af0dba4375,6,Interior Construction,1957,69,74.94,30
83b031f9-c602-4add-b0cf-b7bbb3a0669f,d1124854-a59e-4299-9791-49af0dba4375,7,Stairs,2000,26,84.45,40
a90daebf-145b-40bb-87da-96b809d24de4,d1124854-a59e-4299-9791-49af0dba4375,8,Interior Finishes,1999,27,83.07,20
45dd1849-0565-4deb-9ed3-6f7ce265d9e2,d1124854-a59e-4299-9791-49af0dba4375,9,Conveying,1998,28,61.66,10
f1ef6ab4-242f-4cf7-b196-3eaf0cac8111,d1124854-a59e-4299-9791-49af0dba4375,10,Plumbing,1987,39,60.98,30
5b8f2afe-13cf-49b8-a4a2-e7c739b6ea20,d1124854-a59e-4299-9791-49af0dba4375,12,HVAC,1987,39,50.05,40
64a457aa-e0d4-4126-af70-5949d6b86010,d1124854-a59e-4299-9791-49af0dba4375,13,Fire Protection,2025,1,62.26,30
7c618459-551d-4b29-ab0a-54c0a97129ed,d1124854-a59e-4299-9791-49af0dba4375,14,Electric,2004,22,72.96,40
6bfd5eca-264f-4fc8-b150-8e9faa119867,d1124854-a59e-4299-9791-49af0dba4375,15,Furnishing,1985,41,51.39,20
12454636-df51-4a9b-ab55-7f5171456e3b,d1124854-a59e-4299-9791-49af0dba4375,16,Protection,1997,29,50.66,10
3a84162a-e748-41b9-86ce-9d16b5812831,d1124854-a59e-4299-9791-49af0dba4375,18,Improvements,1964,62,60.55,10
0e73b145-78a6-4b90-83bc-6472ce9db193,d1124854-a59e-4299-9791-49af0dba4375,19,Utilities,1992,34,65.22,30
37f869b0-dcd4-4531-87ff-593eb623f972,d1124854-a59e-4299-9791-49af0dba4375,20,Distribution,1968,58,50.23,30
4de73871-91bb-4a96-b290-735a18b26254,d1124854-a59e-4299-9791-49af0dba4375,21,Other Construction,1991,35,78.21,30
a905ca34-a4a8-4776-ae5d-287bcddd5634,d1124854-a59e-4299-9791-49af0dba4375,22,Special construction2,1983,43,59.27,30
4685bd24-61a4-44f4-8b0b-a6a1ea91512c,a138b5c0-f4ab-4c67-a0c5-b06e97956f44,1,Foundation,2012,14,84.11,60
7b1bd1ae-6edf-48d0-af41-b0b3dbbdbadf,a138b5c0-f4ab-4c67-a0c5-b06e97956f44,3,Superstructure,2010,16,65.12,50
e5b357c4-64dd-40ef-978a-d7a06709b09e,a138b5c0-f4ab-4c67-a0c5-b06e97956f44,4,Exterior Structure,1967,59,63.97,40
b498f680-2b6d-4508-a950-620d7bb5de0e,a138b5c0-f4ab-4c67-a0c5-b06e97956f44,5,Roofing,2014,12,68.21,20
ef516a90-0743-4e0e-9555-96a2c17c9957,a138b5c0-f4ab-4c67-a0c5-b06e97956f44,6,Interior Construction,2009,17,81.9,30
37714d08-a573-4e7f-80fa-6a20b956c33e,a138b5c0-f4ab-4c67-a0c5-b06e97956f44,7,Stairs,2003,23,52.07,40
547f17d2-4fcb-4a87-944d-e8d707acfcc5,a138b5c0-f4ab-4c67-a0c5-b06e97956f44,8,Interior Finishes,2015,11,80.67,20
f7e8c36a-6d8c-4f56-87b5-a54c41e8ceb6,a138b5c0-f4ab-4c67-a0c5-b06e97956f44,9,Conveying,1991,35,56.14,10
52cc066a-ddc4-496d-8284-d1c9935ca15b,a138b5c0-f4ab-4c67-a0c5-b06e97956f44,10,Plumbing,1988,38,64.09,30
5661a924-0d85-4e67-9ecd-8dabe5e437aa,a138b5c0-f4ab-4c67-a0c5-b06e97956f44,11,Art,2020,6,69.63,10
ea2c3b64-d830-47cc-b9ac-23126c32de7e,a138b5c0-f4ab-4c67-a0c5-b06e97956f44,12,HVAC,1970,56,44.03,40
ce029d36-0d99-4841-97be-4ad41d30a798,a138b5c0-f4ab-4c67-a0c5-b06e97956f44,13,Fire Protection,1989,37,53.73,30
91e14594-45f2-4245-8256-13c76ca14bae,a138b5c0-f4ab-4c67-a0c5-b06e97956f44,14,Electric,1989,37,83.14,40
5bcd91bf-90d6-451f-9edc-a97ecbb4bba1,a138b5c0-f4ab-4c67-a0c5-b06e97956f44,15,Furnishing,2005,21,36.07,20
310589af-31e0-4eac-9bb4-7f37f1305b63,a138b5c0-f4ab-4c67-a0c5-b06e97956f44,16,Protection,2014,12,67.42,10
7d99af33-4a51-434e-bb10-62ec43e84181,a138b5c0-f4ab-4c67-a0c5-b06e97956f44,17,Special construction,1988,38,59.47,10
1db6a6e9-c76f-45b2-8dbf-d91cba9d4baf,a138b5c0-f4ab-4c67-a0c5-b06e97956f44,18,Improvements,2005,21,77.71,10
b3c30e82-47b1-4fac-a44e-551a178f25dc,a138b5c0-f4ab-4c67-a0c5-b06e97956f44,19,Utilities,2000,26,92.19,30
d9e6855c-1e3a-47d7-b621-9edaf1d8a812,a138b5c0-f4ab-4c67-a0c5-b06e97956f44,20,Distribution,2000,26,48.75,30
6e9635be-478d-457d-a3cf-3d057f103bc8,a138b5c0-f4ab-4c67-a0c5-b06e97956f44,21,Other Construction,2011,15,77.79,30
879cda0d-4cde-4407-98b2-7cd50771f252,a138b5c0-f4ab-4c67-a0c5-b06e97956f44,22,Special construction2,2009,17,82.44,30
17b7598c-046e-4722-9627-425fed2dabbf,d0e751f2-275b-4092-970a-88a5308a8052,1,Foundation,1999,27,67.46,60
8ce2dfeb-3da4-4065-9bcb-3cee08a05a47,d0e751f2-275b-4092-970a-88a5308a8052,3,Superstructure,2018,8,98.39,50
c8ae9c8e-95dd-46b5-a666-71b334ac2cf3,d0e751f2-275b-4092-970a-88a5308a8052,4,Exterior Structure,1996,30,61.77,40
21a65b7c-fcb6-433f-9c1f-f4cb451aee4b,d0e751f2-275b-4092-970a-88a5308a8052,5,Roofing,1993,33,67.0,20
ad980ac5-652a-4e6a-92ab-e4908b4500c8,d0e751f2-275b-4092-970a-88a5308a8052,6,Interior Construction,1998,28,67.61,30
25e71dd1-434e-4ad6-97ee-edf567f3c761,d0e751f2-275b-4092-970a-88a5308a8052,7,Stairs,2014,12,55.84,40
1bea0039-2513-4cd5-8cfc-a1b8d2441cc9,d0e751f2-275b-4092-970a-88a5308a8052,8,Interior Finishes,2006,20,66.53,20
d9317f87-146c-4d9b-9ef4-90b2f04e055f,d0e751f2-275b-4092-970a-88a5308a8052,9,Conveying,1987,39,51.26,10
3af7be3c-4374-4507-ab84-d0103e8ea6a9,d0e751f2-275b-4092-970a-88a5308a8052,10,Plumbing,1975,51,96.98,30
ef8d69c8-b8f9-479c-aa61-4ea3f6afc0bf,d0e751f2-275b-4092-970a-88a5308a8052,11,Art,1995,31,60.58,10
5bb45c72-fd15-4e5b-b70e-f3f4f3c887e2,d0e751f2-275b-4092-970a-88a5308a8052,12,HVAC,2020,6,62.31,40
94f89eb3-96f5-430f-82ab-516de214054f,d0e751f2-275b-4092-970a-88a5308a8052,13,Fire Protection,1995,31,62.97,30
30744243-db34-4503-baf1-a0b6ca95beff,d0e751f2-275b-4092-970a-88a5308a8052,14,Electric,2024,2,57.98,40
a8660cda-60be-46d4-a32a-a1b8998e7693,d0e751f2-275b-4092-970a-88a5308a8052,15,Furnishing,1987,39,58.93,20
995cc9ee-ae23-45ac-a3c8-37347c175591,d0e751f2-275b-4092-970a-88a5308a8052,16,Protection,1999,27,67.85,10
4ccd413c-8ada-4453-a5fa-9c90de9b7781,d0e751f2-275b-4092-970a-88a5308a8052,17,Special construction,1998,28,56.48,10
e30fb0c6-ed84-4f0b-9bfa-788f3f7cc4c4,d0e751f2-275b-4092-970a-88a5308a8052,18,Improvements,1958,68,88.35,10
dfcd430e-4bc9-41b7-b6a2-d111f92b8ec2,d0e751f2-275b-4092-970a-88a5308a8052,19,Utilities,2006,20,58.58,30
120036df-e975-41e5-9c06-7bdbe41c531f,d0e751f2-275b-4092-970a-88a5308a8052,20,Distribution,2001,25,42.19,30
c4d38d19-98dd-473d-8e81-e5a4971e467c,d0e751f2-275b-4092-970a-88a5308a8052,21,Other Construction,2001,25,86.18,30
214bf86b-455e-45ec-bd66-a2742721963c,d0e751f2-275b-4092-970a-88a5308a8052,22,Special construction2,2010,16,59.23,30
7a3cee8f-4850-40e2-bf58-93489ac4a9ca,b55e1635-0653-4869-976a-4b78ebdfb4d4,1,Foundation,2007,19,83.34,60
fe4ebb4b-c1f0-41b8-94f3-3e0ae026e94c,b55e1635-0653-4869-976a-4b78ebdfb4d4,3,Superstructure,2016,10,67.77,50
9af5218e-fed8-4d96-96f0-376b0d058fbd,b55e1635-0653-4869-976a-4b78ebdfb4d4,4,Exterior Structure,2013,13,66.67,40
4c5bdfc8-9f6c-4364-acf1-1c7063d17ac9,b55e1635-0653-4869-976a-4b78ebdfb4d4,5,Roofing,1979,47,80.75,20
48763b2d-f1a2-4806-8d47-86ca1961c236,b55e1635-0653-4869-976a-4b78ebdfb4d4,6,Interior Construction,2013,13,80.87,30
fe01d377-0a37-4ebd-b180-06a00ed422a5,b55e1635-0653-4869-976a-4b78ebdfb4d4,7,Stairs,1982,44,84.09,40
68ec022e-da7f-40aa-8780-d1095f3e1c64,b55e1635-0653-4869-976a-4b78ebdfb4d4,8,Interior Finishes,1992,34,70.79,20
13a30b1a-002b-42c6-93e5-cf6cef380490,b55e1635-0653-4869-976a-4b78ebdfb4d4,9,Conveying,2006,20,58.8,10
27f36331-0506-4a03-8e11-320b30cabcea,b55e1635-0653-4869-976a-4b78ebdfb4d4,10,Plumbing,1983,43,67.88,30
6d8954d3-7c2f-45ba-b40b-372be50de3b3,b55e1635-0653-4869-976a-4b78ebdfb4d4,12,HVAC,1970,56,77.33,40
10e0a457-406c-4660-b9fe-8634aa7859d6,b55e1635-0653-4869-976a-4b78ebdfb4d4,13,Fire Protection,1990,36,79.64,30
c6b9e860-36c7-46a0-8618-6b90c28eec70,b55e1635-0653-4869-976a-4b78ebdfb4d4,14,Electric,2013,13,52.13,40
7d70fa57-2e10-4be4-99ac-8805de85d437,b55e1635-0653-4869-976a-4b78ebdfb4d4,15,Furnishing,2012,14,62.89,20
c61effca-9e0b-48c8-9aab-cd995f5fcb8c,b55e1635-0653-4869-976a-4b78ebdfb4d4,16,Protection,2004,22,60.9,10
ba33157f-3e8a-418a-9429-2a40ee52d232,b55e1635-0653-4869-976a-4b78ebdfb4d4,17,Special construction,1992,34,28.66,10
eef0189a-a315-4a26-be07-9af792f30a41,b55e1635-0653-4869-976a-4b78ebdfb4d4,18,Improvements,1950,76,82.24,10
f6aa3418-eff9-4f58-bc6a-7b76f8cb46b9,b55e1635-0653-4869-976a-4b78ebdfb4d4,19,Utilities,2006,20,70.11,30
74d77413-e0e8-44b4-9a64-2c6ae949e261,b55e1635-0653-4869-976a-4b78ebdfb4d4,20,Distribution,1998,28,72.02,30
b382b531-eda3-46c0-ba9e-011baed58ce4,b55e1635-0653-4869-976a-4b78ebdfb4d4,21,Other Construction,1988,38,56.0,30
ae857836-fd24-45a6-bf4f-d4d43e1daf22,b55e1635-0653-4869-976a-4b78ebdfb4d4,22,Special construction2,2022,4,75.4,30
e86df341-09b2-48db-85a0-a78b0981a9eb,def51958-273c-48df-a655-a7c3d1a9ea42,1,Foundation,2012,14,72.47,60
493e2d8b-b441-418f-9159-34e664c72e09,def51958-273c-48df-a655-a7c3d1a9ea42,2,Basement,2010,16,55.94,60
61e4eaec-d976-4130-a2ce-6b314d12b3ba,def51958-273c-48df-a655-a7c3d1a9ea42,3,Superstructure,2016,10,75.92,50
f84226d2-7e62-4f77-8330-8fb619231479,def51958-273c-48df-a655-a7c3d1a9ea42,4,Exterior Structure,1990,36,53.06,40
10b067e6-1f27-48f0-8c79-8dc9689ebca6,def51958-273c-48df-a655-a7c3d1a9ea42,5,Roofing,1988,38,62.18,20
aee8c287-c92c-4440-b1e4-25f65dfd044c,def51958-273c-48df-a655-a7c3d1a9ea42,6,Interior Construction,1995,31,81.91,30
7378642d-805b-4210-b36e-904cca6fd3b0,def51958-273c-48df-a655-a7c3d1a9ea42,7,Stairs,2010,16,74.87,40
e158f009-bcab-4e74-836e-c1206c76851e,def51958-273c-48df-a655-a7c3d1a9ea42,8,Interior Finishes,1989,37,62.54,20
9a516ce0-a3eb-4620-a3ba-d6fb795a260d,def51958-273c-48df-a655-a7c3d1a9ea42,9,Conveying,1979,47,55.55,10
277336da-4a7d-4ec4-9ad0-6db4111f5601,def51958-273c-48df-a655-a7c3d1a9ea42,10,Plumbing,1999,27,64.2,30
6000db35-2397-414c-98f2-0bed37b8f71a,def51958-273c-48df-a655-a7c3d1a9ea42,12,HVAC,1999,27,68.3,40
a7fb303c-23a6-4592-ac54-2b0a11a9a559,def51958-273c-48df-a655-a7c3d1a9ea42,13,Fire Protection,2023,3,62.73,30
f1bbb2fa-71c1-4c2e-bd5f-74cd345894f9,def51958-273c-48df-a655-a7c3d1a9ea42,14,Electric,1950,76,68.65,40
97f016a4-a8e1-4540-8368-02e7bedf29bc,def51958-273c-48df-a655-a7c3d1a9ea42,15,Furnishing,1999,27,83.56,20
95a984da-4b21-47d2-9d48-9b83d6938126,def51958-273c-48df-a655-a7c3d1a9ea42,16,Protection,2006,20,81.39,10
1825a703-a6ea-40f8-864d-85c641800408,def51958-273c-48df-a655-a7c3d1a9ea42,17,Special construction,2012,14,81.07,10
1eb31580-a768-413b-86a7-2bb22cc2372d,def51958-273c-48df-a655-a7c3d1a9ea42,18,Improvements,1991,35,80.46,10
4fa8091e-9541-4646-bf60-9dcb681f108b,def51958-273c-48df-a655-a7c3d1a9ea42,19,Utilities,2004,22,84.13,30
4401cb81-c71e-4dd2-b771-1621676aa04d,def51958-273c-48df-a655-a7c3d1a9ea42,20,Distribution,1965,61,69.66,30
5ddce373-ee83-4125-8a6f-2f4a8f34dfe7,def51958-273c-48df-a655-a7c3d1a9ea42,21,Other Construction,2021,5,54.53,30
1ca26a86-77f4-4f50-8b3e-2067a592b700,def51958-273c-48df-a655-a7c3d1a9ea42,22,Special construction2,1994,32,82.66,30
ea24f86c-15c9-4430-a5ea-37fac1d1dbdf,a5ee49f1-f0de-4a44-be75-65369d35cc17,1,Foundation,1979,47,56.45,60
b502c15f-9ab3-4fd9-a6de-8bf752c06ee6,a5ee49f1-f0de-4a44-be75-65369d35cc17,2,Basement,1990,36,75.49,60
1eea888d-d0f3-4339-9c7d-9bcbdde2ce70,a5ee49f1-f0de-4a44-be75-65369d35cc17,3,Superstructure,2004,22,60.72,50
6bd30256-4f33-427a-9066-8a2168d5d975,a5ee49f1-f0de-4a44-be75-65369d35cc17,4,Exterior Structure,2003,23,79.24,40
ab11dd09-d34c-4823-8f9f-b36c5112ce7a,a5ee49f1-f0de-4a44-be75-65369d35cc17,5,Roofing,2024,2,75.71,20
3a808e35-fddb-4b28-9a61-1e488f9df388,a5ee49f1-f0de-4a44-be75-65369d35cc17,6,Interior Construction,2010,16,51.02,30
ae996cf1-e0ea-4d69-aadb-9e2df6cf7f25,a5ee49f1-f0de-4a44-be75-65369d35cc17,7,Stairs,1990,36,69.94,40
515197f4-2ac5-4bdb-b66d-83e6d8f3af9a,a5ee49f1-f0de-4a44-be75-65369d35cc17,8,Interior Finishes,1966,60,54.94,20
971bd0a2-9813-4914-9fbb-9a8367dfc835,a5ee49f1-f0de-4a44-be75-65369d35cc17,9,Conveying,2005,21,97.0,10
249040d7-79c8-498e-8ab9-46df26d59a5d,a5ee49f1-f0de-4a44-be75-65369d35cc17,10,Plumbing,1991,35,21.01,30
91a7e4af-45da-4e48-a712-220912d36a39,a5ee49f1-f0de-4a44-be75-65369d35cc17,12,HVAC,1993,33,61.87,40
5689ff8a-4092-474c-b894-c3c679f5e568,a5ee49f1-f0de-4a44-be75-65369d35cc17,13,Fire Protection,2004,22,54.73,30
f18d0da7-f388-4e03-b59d-92955fc94334,a5ee49f1-f0de-4a44-be75-65369d35cc17,14,Electric,2005,21,58.62,40
015f73f0-57ef-460b-82d7-118ec57875c9,a5ee49f1-f0de-4a44-be75-65369d35cc17,15,Furnishing,2004,22,50.12,20
99a22938-a720-446c-9844-526f6225d813,a5ee49f1-f0de-4a44-be75-65369d35cc17,16,Protection,2007,19,4.74,10
0619c62d-523c-4051-9db6-7b243b94ca72,a5ee49f1-f0de-4a44-be75-65369d35cc17,17,Special construction,2016,10,70.85,10
6a36a129-d72c-41eb-8910-ab3756ed994b,a5ee49f1-f0de-4a44-be75-65369d35cc17,18,Improvements,2002,24,90.37,10
b0f41838-1fe6-48e5-af10-cead1d787b8e,a5ee49f1-f0de-4a44-be75-65369d35cc17,19,Utilities,1998,28,62.56,30
9e02cdbe-325c-4443-94c6-d2f99443cd18,a5ee49f1-f0de-4a44-be75-65369d35cc17,20,Distribution,1993,33,66.87,30
18c4fcd2-8f70-47e3-bd8a-7bbd33627d81,a5ee49f1-f0de-4a44-be75-65369d35cc17,21,Other Construction,2008,18,74.51,30
4a043497-faa7-4b7e-b115-c122c659031b,a5ee49f1-f0de-4a44-be75-65369d35cc17,22,Special construction2,1996,30,75.09,30
3fd23cbb-435a-42f7-b240-944de492de2e,46c8d460-e79e-4daa-9ae4-4394fd629ca7,1,Foundation,1999,27,68.77,60
5733e398-e4b7-4df3-8b4b-363ded221203,46c8d460-e79e-4daa-9ae4-4394fd629ca7,3,Superstructure,1998,28,63.63,50
f5969b4b-ecf6-49c9-ae1d-b297cb2af255,46c8d460-e79e-4daa-9ae4-4394fd629ca7,4,Exterior Structure,2009,17,62.92,40
90489298-19ad-43e1-ace2-83424bcfebc1,46c8d460-e79e-4daa-9ae4-4394fd629ca7,5,Roofing,2006,20,61.63,20
97f2631c-2be1-4451-84b7-e591e42c6893,46c8d460-e79e-4daa-9ae4-4394fd629ca7,6,Interior Construction,2001,25,59.54,30
138c7a27-3b9f-409d-86c7-edb5a8a9f518,46c8d460-e79e-4daa-9ae4-4394fd629ca7,8,Interior Finishes,2020,6,55.63,20
e2c431a9-766b-44ea-915b-2f94897cc0db,46c8d460-e79e-4daa-9ae4-4394fd629ca7,9,Conveying,1987,39,77.0,10
9e28fba6-1b79-42b3-9447-6a92100b22cb,46c8d460-e79e-4daa-9ae4-4394fd629ca7,10,Plumbing,2002,24,77.35,30
90ff4712-9307-4faa-acc4-a0c6daa602d6,46c8d460-e79e-4daa-9ae4-4394fd629ca7,13,Fire Protection,1993,33,53.77,30
8a2a6c4b-11f7-4d61-9048-ad01a9fef640,46c8d460-e79e-4daa-9ae4-4394fd629ca7,14,Electric,1951,75,73.55,40
07fe182f-12e0-486b-97cd-4b0d22c9f193,46c8d460-e79e-4daa-9ae4-4394fd629ca7,16,Protection,2008,18,72.99,10
191d102a-46ef-44c9-8954-4dfa24937c05,46c8d460-e79e-4daa-9ae4-4394fd629ca7,18,Improvements,1997,29,64.68,10
e0d224e5-96b2-4236-b6b7-990d6cc5a8b3,46c8d460-e79e-4daa-9ae4-4394fd629ca7,20,Distribution,1991,35,97.43,30
f258695a-47e5-4d90-9d91-7c30aae7df50,46c8d460-e79e-4daa-9ae4-4394fd629ca7,21,Other Construction,1993,33,61.23,30
9357eecd-9e0f-4b09-b94e-6b1c7c9aa86b,46c8d460-e79e-4daa-9ae4-4394fd629ca7,22,Special construction2,1990,36,91.99,30
83e3b26f-9a4e-46dc-a4fd-64ceedd9cfb7,7b4e2adb-4f9a-4456-92cd-2e4b993a7b66,1,Foundation,2019,7,58.04,60
3550568a-8053-45bb-8c10-f41010a28ad0,7b4e2adb-4f9a-4456-92cd-2e4b993a7b66,3,Superstructure,2012,14,56.16,50
ffd496b5-f701-42ff-877a-0879fbea5abf,7b4e2adb-4f9a-4456-92cd-2e4b993a7b66,4,Exterior Structure,2012,14,57.51,40
a0abf237-ae9e-4280-8c3a-bedf756723f1,7b4e2adb-4f9a-4456-92cd-2e4b993a7b66,5,Roofing,2002,24,58.22,20
c0beed39-b961-430b-8677-df6dc5f183d4,7b4e2adb-4f9a-4456-92cd-2e4b993a7b66,8,Interior Finishes,2003,23,74.8,20
c8db3738-782b-40bc-87ce-5535487f8ac3,7b4e2adb-4f9a-4456-92cd-2e4b993a7b66,9,Conveying,1951,75,80.9,10
9c201ea1-1f21-4d10-b5ee-a42e3360bdc5,7b4e2adb-4f9a-4456-92cd-2e4b993a7b66,10,Plumbing,1996,30,60.39,30
19dda180-c547-4c15-970f-09be4518e33a,7b4e2adb-4f9a-4456-92cd-2e4b993a7b66,13,Fire Protection,2005,21,68.63,30
f4967203-93ce-49e7-96ef-15bf616d50b1,7b4e2adb-4f9a-4456-92cd-2e4b993a7b66,14,Electric,2015,11,57.06,40
66abfe03-6862-442d-8ffa-5b662db0ed51,7b4e2adb-4f9a-4456-92cd-2e4b993a7b66,16,Protection,2018,8,96.64,10
882fd729-30e9-4748-9195-07d2ebd9959a,7b4e2adb-4f9a-4456-92cd-2e4b993a7b66,19,Utilities,2006,20,84.38,30
47469807-ec54-4a10-b9e1-49f6ae525bfa,7b4e2adb-4f9a-4456-92cd-2e4b993a7b66,20,Distribution,2016,10,84.44,30
acae1ca4-3e86-4285-9af3-4a1d3bf70512,7b4e2adb-4f9a-4456-92cd-2e4b993a7b66,21,Other Construction,2011,15,88.97,30
82eb01c3-ae59-4a46-ac08-b679c911e540,7b4e2adb-4f9a-4456-92cd-2e4b993a7b66,22,Special construction2,1987,39,68.42,30
6767cac7-563e-4d80-b75e-5a9207fb3051,3aa2a1ed-5ef5-488e-821f-99e9de388bdd,1,Foundation,2026,0,55.74,60
2758dd82-c808-48d9-af0c-93ee03a4091e,3aa2a1ed-5ef5-488e-821f-99e9de388bdd,3,Superstructure,1963,63,66.35,50
30ff2bad-d995-4b66-8d68-5c20743ef8ff,3aa2a1ed-5ef5-488e-821f-99e9de388bdd,4,Exterior Structure,2014,12,74.15,40
fffc1b29-1953-4ac5-bf75-6908223e5ef4,3aa2a1ed-5ef5-488e-821f-99e9de388bdd,5,Roofing,1988,38,20.85,20
8b7eb8a3-1e01-409f-98f7-ea6b441cc3cc,3aa2a1ed-5ef5-488e-821f-99e9de388bdd,8,Interior Finishes,2005,21,55.99,20
45670848-61e2-4877-8236-3efad1f2bd90,3aa2a1ed-5ef5-488e-821f-99e9de388bdd,9,Conveying,2015,11,77.77,10
510ef666-d4fe-4241-80d0-a163b31d1642,3aa2a1ed-5ef5-488e-821f-99e9de388bdd,10,Plumbing,2013,13,70.53,30
18e59a79-bd26-46be-ac09-7baca967694b,3aa2a1ed-5ef5-488e-821f-99e9de388bdd,13,Fire Protection,1999,27,53.3,30
bde728e2-d3ae-4524-b392-02517e515be8,3aa2a1ed-5ef5-488e-821f-99e9de388bdd,14,Electric,2008,18,83.97,40
551eb68e-bd52-4e73-bc9e-291c7e568dbb,3aa2a1ed-5ef5-488e-821f-99e9de388bdd,16,Protection,2003,23,44.06,10
1cd4048b-11fe-43b3-80ef-a7fd950d9787,3aa2a1ed-5ef5-488e-821f-99e9de388bdd,18,Improvements,1949,77,58.89,10
2b7d30cb-06fb-4d1f-9821-a85515d6d538,3aa2a1ed-5ef5-488e-821f-99e9de388bdd,19,Utilities,1959,67,23.0,30
8d6a1b1e-cdd2-4b59-9081-5c85685e6d70,3aa2a1ed-5ef5-488e-821f-99e9de388bdd,20,Distribution,1956,70,77.24,30
fe2a38a7-2566-4bae-be69-0070d09f7f9a,3aa2a1ed-5ef5-488e-821f-99e9de388bdd,21,Other Construction,1954,72,66.37,30
53333631-5038-420a-8c02-7e64c1162733,3aa2a1ed-5ef5-488e-821f-99e9de388bdd,22,Special construction2,1999,27,96.86,30
ce8b83d5-65c4-49dd-9cb2-98a549801ec6,72589c7c-dc5c-41bc-b915-cdc355ba5d97,1,Foundation,1989,37,60.27,60
accda080-f0b9-4958-b6bc-02815e58c601,72589c7c-dc5c-41bc-b915-cdc355ba5d97,2,Basement,1992,34,59.67,60
d731f3de-9896-475a-b756-e9f70d71e7ce,72589c7c-dc5c-41bc-b915-cdc355ba5d97,3,Superstructure,1981,45,37.99,50
d58d118d-e0c1-46b8-89e8-ae500bd633f3,72589c7c-dc5c-41bc-b915-cdc355ba5d97,4,Exterior Structure,1963,63,50.64,40
cc0d9678-f445-4c6d-9c52-2b9d75e64ba1,72589c7c-dc5c-41bc-b915-cdc355ba5d97,5,Roofing,1959,67,66.0,20
edd86a36-8120-4eb8-87e3-70fd08096e28,72589c7c-dc5c-41bc-b915-cdc355ba5d97,6,Interior Construction,1999,27,56.8,30
51f9c787-efe9-47ce-9499-552536fa50b2,72589c7c-dc5c-41bc-b915-cdc355ba5d97,7,Stairs,1949,77,77.89,40
f1641f5f-c9a7-4d82-91ee-27eed3652cb6,72589c7c-dc5c-41bc-b915-cdc355ba5d97,8,Interior Finishes,2008,18,57.49,20
67ca060c-6dad-43a9-82da-e60fd82efabf,72589c7c-dc5c-41bc-b915-cdc355ba5d97,9,Conveying,1991,35,82.74,10
bcd7d145-a3f7-457e-85ee-e9d756422b5a,72589c7c-dc5c-41bc-b915-cdc355ba5d97,10,Plumbing,1989,37,82.91,30
cbd67d66-30b2-46a8-8128-bcddccbc1d20,72589c7c-dc5c-41bc-b915-cdc355ba5d97,12,HVAC,2011,15,65.3,40
5b29a5d5-ceab-4ebd-bb2c-6fd7839efb18,72589c7c-dc5c-41bc-b915-cdc355ba5d97,13,Fire Protection,2012,14,88.23,30
4ebdfea9-fad7-4219-b5cc-daf0d2a9e0da,72589c7c-dc5c-41bc-b915-cdc355ba5d97,14,Electric,2004,22,74.98,40
b04c907a-45e9-4655-ad18-03ffb8a4c143,72589c7c-dc5c-41bc-b915-cdc355ba5d97,15,Furnishing,1996,30,58.38,20
32a31ba3-4307-4eb5-be4d-7c4018bdd083,72589c7c-dc5c-41bc-b915-cdc355ba5d97,16,Protection,2003,23,80.85,10
9594fead-85bb-47cf-bff3-f1549fab8ab7,72589c7c-dc5c-41bc-b915-cdc355ba5d97,18,Improvements,2006,20,61.65,10
d75fd316-6d6f-41d3-8f20-338fd18f8456,72589c7c-dc5c-41bc-b915-cdc355ba5d97,19,Utilities,1993,33,79.84,30
df661c0b-55e9-4153-9b46-8a610797fe4f,72589c7c-dc5c-41bc-b915-cdc355ba5d97,20,Distribution,1989,37,70.15,30
dc59fdfe-eff5-47c4-8410-c33c65c731dc,72589c7c-dc5c-41bc-b915-cdc355ba5d97,21,Other Construction,1996,30,66.78,30
0175e2a9-fa55-479e-889c-985b9b6d3b97,72589c7c-dc5c-41bc-b915-cdc355ba5d97,22,Special construction2,2003,23,83.78,30
c89d7aab-c9db-420a-8579-ab8c487f70c6,7dc5b4d0-debd-4418-bb5d-e42c65bca908,1,Foundation,2019,7,72.35,60
167e1e5d-7425-4ce1-80a8-51b74614b024,7dc5b4d0-debd-4418-bb5d-e42c65bca908,2,Basement,1997,29,71.61,60
2fadb986-34d2-4d4a-aac5-cda6726b9660,7dc5b4d0-debd-4418-bb5d-e42c65bca908,3,Superstructure,2015,11,73.53,50
59aeddf2-c1c6-49da-b41b-f59f3353230d,7dc5b4d0-debd-4418-bb5d-e42c65bca908,4,Exterior Structure,2007,19,63.52,40
f2fbd8a4-78fb-4737-b344-d7da071f165b,7dc5b4d0-debd-4418-bb5d-e42c65bca908,5,Roofing,2001,25,66.07,20
7ede3c38-ee37-4ecc-ad03-0426d5cabf8a,7dc5b4d0-debd-4418-bb5d-e42c65bca908,6,Interior Construction,1994,32,56.73,30
39e5e1cb-13b5-4fc2-9568-7d1cd3fde0f7,7dc5b4d0-debd-4418-bb5d-e42c65bca908,7,Stairs,1971,55,80.23,40
71bbb5c5-621c-4cbb-8c14-3dffa4f17c3d,7dc5b4d0-debd-4418-bb5d-e42c65bca908,8,Interior Finishes,1979,47,11.34,20
6bf9c6fa-5641-426f-9eb5-24642ac005a3,7dc5b4d0-debd-4418-bb5d-e42c65bca908,9,Conveying,2007,19,52.74,10
06fc886b-3440-436b-8e66-0b66fddebf72,7dc5b4d0-debd-4418-bb5d-e42c65bca908,10,Plumbing,2000,26,55.16,30
620d62d4-e4bb-4418-a0e1-e08f03294e6e,7dc5b4d0-debd-4418-bb5d-e42c65bca908,12,HVAC,1959,67,56.02,40
17073a88-bf7e-4b5b-a278-06a3bda465e7,7dc5b4d0-debd-4418-bb5d-e42c65bca908,13,Fire Protection,1993,33,67.25,30
0cb7026f-76eb-41e5-abfd-f1e1884f5803,7dc5b4d0-debd-4418-bb5d-e42c65bca908,14,Electric,2004,22,82.85,40
c199d25a-7560-48ff-b044-7e3b2d77d875,7dc5b4d0-debd-4418-bb5d-e42c65bca908,15,Furnishing,1990,36,50.52,20
b1e1acdd-87f0-4725-a1d0-bd8d6a807c93,7dc5b4d0-debd-4418-bb5d-e42c65bca908,16,Protection,1972,54,81.49,10
db960d1d-2e26-4bc7-b7a9-1a5e1671975e,7dc5b4d0-debd-4418-bb5d-e42c65bca908,17,Special construction,2004,22,70.37,10
afe09eeb-8519-489d-81eb-a4cfef866790,7dc5b4d0-debd-4418-bb5d-e42c65bca908,18,Improvements,1967,59,72.92,10
28c46472-7a87-49a0-a105-dac017c6b7fb,7dc5b4d0-debd-4418-bb5d-e42c65bca908,19,Utilities,1999,27,81.36,30
a6191087-bf0e-463f-aa8d-9ca003d448d4,7dc5b4d0-debd-4418-bb5d-e42c65bca908,20,Distribution,2019,7,61.78,30
766ee139-5e83-40fe-8907-b370dd332b6d,7dc5b4d0-debd-4418-bb5d-e42c65bca908,21,Other Construction,1994,32,81.97,30
20cd4ff0-35b8-4644-b807-7d0569b5d4fe,7dc5b4d0-debd-4418-bb5d-e42c65bca908,22,Special construction2,1989,37,83.74,30
e244ab28-2fbd-46dd-bd7d-458f132e2399,0488d374-16f8-4b0b-a42b-6f9b639929f2,1,Foundation,2002,24,85.1,60
564006f1-ec45-4d71-9fc8-622b74ea1ab1,0488d374-16f8-4b0b-a42b-6f9b639929f2,3,Superstructure,1970,56,69.13,50
216dc892-d8cf-43ba-a130-a2c1a51ab290,0488d374-16f8-4b0b-a42b-6f9b639929f2,4,Exterior Structure,1965,61,53.38,40
c47f9a5e-0a0c-4640-8f1f-9260d91c2dcc,0488d374-16f8-4b0b-a42b-6f9b639929f2,5,Roofing,1996,30,76.58,20
ffdbdb8e-fb36-493a-b27e-41578e3b8235,0488d374-16f8-4b0b-a42b-6f9b639929f2,6,Interior Construction,2020,6,64.35,30
b1c846de-494e-44be-8093-a262c72a2188,0488d374-16f8-4b0b-a42b-6f9b639929f2,7,Stairs,1993,33,80.62,40
c7148df6-fcb0-498b-b45b-319a5dfe3535,0488d374-16f8-4b0b-a42b-6f9b639929f2,8,Interior Finishes,2005,21,67.83,20
9da51d79-95e5-4c24-8782-22f2be64baa0,0488d374-16f8-4b0b-a42b-6f9b639929f2,9,Conveying,2016,10,75.25,10
341d494e-a3ea-4801-ba8e-f97ae99ecb31,0488d374-16f8-4b0b-a42b-6f9b639929f2,10,Plumbing,1997,29,58.09,30
ad005bcc-1201-4e9a-a668-33254f2bd1e7,0488d374-16f8-4b0b-a42b-6f9b639929f2,12,HVAC,1992,34,72.6,40
0bbf3d3d-3484-412f-b614-2a440e8ce141,0488d374-16f8-4b0b-a42b-6f9b639929f2,13,Fire Protection,1993,33,84.26,30
2b787c33-d341-4762-9b55-ef46f97425eb,0488d374-16f8-4b0b-a42b-6f9b639929f2,14,Electric,1981,45,66.85,40
162713fc-583d-41c0-9de0-b6e31cf3259d,0488d374-16f8-4b0b-a42b-6f9b639929f2,15,Furnishing,2021,5,76.12,20
e4adff02-c49f-48d3-883d-2b97dcbae38b,0488d374-16f8-4b0b-a42b-6f9b639929f2,16,Protection,1988,38,58.49,10
17c1cbdb-d869-4399-8859-408fa8b21afa,0488d374-16f8-4b0b-a42b-6f9b639929f2,18,Improvements,1982,44,75.56,10
819c28c7-fb29-4a81-bff9-7250ffcfc46c,0488d374-16f8-4b0b-a42b-6f9b639929f2,19,Utilities,2016,10,82.1,30
64e44952-d7f6-4c6c-aa3e-837f831e0687,0488d374-16f8-4b0b-a42b-6f9b639929f2,20,Distribution,1990,36,58.69,30
b9cbf2a6-439f-431b-a82e-c3803e57dddb,0488d374-16f8-4b0b-a42b-6f9b639929f2,21,Other Construction,2004,22,70.81,30
04de8c17-3640-4e24-9185-ff8b49c30f55,0488d374-16f8-4b0b-a42b-6f9b639929f2,22,Special construction2,2011,15,68.99,30
0c06eced-9f00-400f-a82a-311e7299a278,73744b63-a970-4f56-821d-342bc7f45a73,1,Foundation,2023,3,70.4,60
ce5a83e2-0a26-4707-b3c5-e366287ed26e,73744b63-a970-4f56-821d-342bc7f45a73,2,Basement,2005,21,56.59,60
db750863-d303-4ad4-b67e-ed625fb9eeab,73744b63-a970-4f56-821d-342bc7f45a73,3,Superstructure,2009,17,58.61,50
e0d9833a-0de3-4609-a591-f3b4a7dd1f2c,73744b63-a970-4f56-821d-342bc7f45a73,4,Exterior Structure,2024,2,50.79,40
9e42947c-cd37-48d4-8ded-1f68ea2ffbd2,73744b63-a970-4f56-821d-342bc7f45a73,5,Roofing,2009,17,55.06,20
ec48664c-3682-451b-af10-c6a43a3b3309,73744b63-a970-4f56-821d-342bc7f45a73,6,Interior Construction,2001,25,79.64,30
fd45da77-a6b9-46ef-a285-2e1e5041ccbe,73744b63-a970-4f56-821d-342bc7f45a73,7,Stairs,2023,3,64.01,40
f583de55-fea1-4c2d-8147-6ee71fb96f8f,73744b63-a970-4f56-821d-342bc7f45a73,8,Interior Finishes,1955,71,72.24,20
3e857743-c0d5-4007-af5d-f76151730b02,73744b63-a970-4f56-821d-342bc7f45a73,9,Conveying,1996,30,57.99,10
a5d71408-4c11-4eea-a7ab-2371749d9c02,73744b63-a970-4f56-821d-342bc7f45a73,10,Plumbing,2010,16,76.49,30
627c553a-9afb-40d7-a1d7-a79d7cd419b7,73744b63-a970-4f56-821d-342bc7f45a73,12,HVAC,1997,29,62.74,40
f8301c94-a950-41bb-b762-507e178e9293,73744b63-a970-4f56-821d-342bc7f45a73,13,Fire Protection,1999,27,77.19,30
9631754f-104a-4e90-9418-4f71b3f7954f,73744b63-a970-4f56-821d-342bc7f45a73,14,Electric,2023,3,58.23,40
33006238-e8a7-4f8d-b447-0f8bb5ca4da5,73744b63-a970-4f56-821d-342bc7f45a73,15,Furnishing,1955,71,21.16,20
2204fbb9-9437-47f9-97e4-497c117a23c2,73744b63-a970-4f56-821d-342bc7f45a73,16,Protection,1948,78,55.59,10
66da2869-919e-4488-ad0d-3da8a1a601c6,73744b63-a970-4f56-821d-342bc7f45a73,17,Special construction,1989,37,55.6,10
d9c9aca5-9056-41da-a8bc-cdd38bbddeb3,73744b63-a970-4f56-821d-342bc7f45a73,18,Improvements,1994,32,79.41,10
a18e1e7b-9945-4d89-a903-ee581cc50ef5,73744b63-a970-4f56-821d-342bc7f45a73,19,Utilities,2020,6,61.0,30
5bf1ae09-655c-4518-8564-465ff1b8dc2b,73744b63-a970-4f56-821d-342bc7f45a73,20,Distribution,2007,19,82.24,30
540bcb3f-304c-4efc-999e-9651ed72d829,73744b63-a970-4f56-821d-342bc7f45a73,21,Other Construction,1999,27,61.79,30
e81c1f61-dc6b-438b-8d38-4d75b5ddb063,73744b63-a970-4f56-821d-342bc7f45a73,22,Special construction2,2012,14,57.15,30
4b8c5b6c-8dbc-4e5c-a781-90ac3050c701,c2dd7fc1-ab38-41a4-87cb-966598b33e7c,1,Foundation,2012,14,87.92,60
ff493cb7-1af4-4a13-9324-a7d7ea2b5f1d,c2dd7fc1-ab38-41a4-87cb-966598b33e7c,2,Basement,2019,7,73.85,60
799b8d72-1f9c-4c55-b26c-245a60cdc4d0,c2dd7fc1-ab38-41a4-87cb-966598b33e7c,3,Superstructure,2015,11,52.35,50
631829a7-172d-46e2-881b-4b8d7b4e873e,c2dd7fc1-ab38-41a4-87cb-966598b33e7c,4,Exterior Structure,2010,16,78.42,40
6d1b3dc5-6055-4558-aed3-86bc7929c1f7,c2dd7fc1-ab38-41a4-87cb-966598b33e7c,5,Roofing,1985,41,55.84,20
9451c6b3-b5f2-48cc-aa09-6c6201554d6b,c2dd7fc1-ab38-41a4-87cb-966598b33e7c,6,Interior Construction,1984,42,77.82,30
53571016-7431-4b6f-98f7-a8876a10dfdc,c2dd7fc1-ab38-41a4-87cb-966598b33e7c,7,Stairs,1958,68,75.52,40
5b71b910-b464-41f4-92c2-1e3a859dbe56,c2dd7fc1-ab38-41a4-87cb-966598b33e7c,8,Interior Finishes,1984,42,12.16,20
5ff61c9f-1635-4651-8433-e2240fc8ea0e,c2dd7fc1-ab38-41a4-87cb-966598b33e7c,9,Conveying,2022,4,83.0,10
58b56ab7-763c-4359-aa47-7d5381e27bb0,c2dd7fc1-ab38-41a4-87cb-966598b33e7c,10,Plumbing,1954,72,54.49,30
356eac9c-caee-4259-afd1-fc9fe761e215,c2dd7fc1-ab38-41a4-87cb-966598b33e7c,12,HVAC,1983,43,64.82,40
8ab812c6-2c1f-45e7-9ec5-6f07f8c47bdb,c2dd7fc1-ab38-41a4-87cb-966598b33e7c,13,Fire Protection,2006,20,74.03,30
39070a7a-4411-47a1-a560-4711100395d6,c2dd7fc1-ab38-41a4-87cb-966598b33e7c,14,Electric,1993,33,95.31,40
d35f0cbf-e4ec-4051-9d18-fe2166d397e7,c2dd7fc1-ab38-41a4-87cb-966598b33e7c,15,Furnishing,1989,37,59.39,20
2c446186-ecb7-4552-aa5a-86ccae0ac906,c2dd7fc1-ab38-41a4-87cb-966598b33e7c,16,Protection,1998,28,80.73,10
238e38a3-a0b1-4d3e-a6cc-3cf55a4eb992,c2dd7fc1-ab38-41a4-87cb-966598b33e7c,18,Improvements,2000,26,64.93,10
d2d7cf48-5eb9-451a-962a-be36278cbeac,c2dd7fc1-ab38-41a4-87cb-966598b33e7c,19,Utilities,2003,23,81.54,30
3bceb862-9e61-46f4-ba73-36c42dd10209,c2dd7fc1-ab38-41a4-87cb-966598b33e7c,20,Distribution,2009,17,54.18,30
00af5988-8e09-49ce-9945-1c0c8147c953,c2dd7fc1-ab38-41a4-87cb-966598b33e7c,21,Other Construction,1953,73,76.44,30
270fae76-37d6-4644-a304-3c6bf9768cef,c2dd7fc1-ab38-41a4-87cb-966598b33e7c,22,Special construction2,2010,16,81.71,30
355e35bd-0b2f-40bf-a94d-eb741311729a,515a98d5-84f9-44a4-af54-6849bb1b9487,1,Foundation,1996,30,72.49,60
0e0369d7-e438-4b06-9781-ab3a29276bf3,515a98d5-84f9-44a4-af54-6849bb1b9487,2,Basement,1982,44,77.75,60
297afc78-99a5-4674-8538-0a90e95b5d23,515a98d5-84f9-44a4-af54-6849bb1b9487,3,Superstructure,2010,16,58.31,50
9786852a-2f8e-4f7b-9d0f-73f85156b87c,515a98d5-84f9-44a4-af54-6849bb1b9487,4,Exterior Structure,2013,13,53.07,40
97f2ff98-f5ea-496c-a91a-33edd99094aa,515a98d5-84f9-44a4-af54-6849bb1b9487,5,Roofing,1997,29,76.64,20
0d13c2d6-43b0-4371-a484-c3c75c711814,515a98d5-84f9-44a4-af54-6849bb1b9487,6,Interior Construction,1987,39,57.71,30
f52eb785-49c3-4fdf-8cd6-f3eafdad28d4,515a98d5-84f9-44a4-af54-6849bb1b9487,7,Stairs,2013,13,75.03,40
4ebe4c53-e82a-41bb-af40-d2f7862e965e,515a98d5-84f9-44a4-af54-6849bb1b9487,8,Interior Finishes,1949,77,81.85,20
9eee5fdc-5433-4872-91c1-65e21ff45fd3,515a98d5-84f9-44a4-af54-6849bb1b9487,9,Conveying,2014,12,84.84,10
4955f878-3476-4b73-a0b3-5a1dcfb6db59,515a98d5-84f9-44a4-af54-6849bb1b9487,10,Plumbing,2001,25,50.46,30
45d4bcdd-ca2e-4548-b107-03f2c55e75eb,515a98d5-84f9-44a4-af54-6849bb1b9487,11,Art,1993,33,27.88,10
84ca2a28-901e-4c57-94c6-c10d174f98c1,515a98d5-84f9-44a4-af54-6849bb1b9487,12,HVAC,2019,7,89.13,40
7f006dca-11c2-4f18-b8f9-99f1831084ab,515a98d5-84f9-44a4-af54-6849bb1b9487,13,Fire Protection,1972,54,70.89,30
4c3cdf23-0477-4540-bc84-920d524376a0,515a98d5-84f9-44a4-af54-6849bb1b9487,14,Electric,1947,79,75.27,40
5ea54ace-541c-4a35-a3ad-52811b4c811d,515a98d5-84f9-44a4-af54-6849bb1b9487,15,Furnishing,1994,32,58.27,20
2cef8497-7c9d-47fb-ae99-3064c4c71c08,515a98d5-84f9-44a4-af54-6849bb1b9487,16,Protection,2003,23,72.95,10
ffde78f5-3fde-4a75-ae3c-9928f1aa8ff9,515a98d5-84f9-44a4-af54-6849bb1b9487,18,Improvements,1968,58,61.14,10
1277d7bc-50b9-48b0-a5b8-a1496fcf4cf3,515a98d5-84f9-44a4-af54-6849bb1b9487,19,Utilities,2018,8,71.49,30
bce89cc0-67b7-41e9-a84c-51ed4c81e32f,515a98d5-84f9-44a4-af54-6849bb1b9487,20,Distribution,1978,48,78.72,30
9c705694-15be-475b-8ff5-375ad0534fe1,515a98d5-84f9-44a4-af54-6849bb1b9487,21,Other Construction,1991,35,39.0,30
c4e8e8e9-8b05-402c-b12c-504b9ba711ce,515a98d5-84f9-44a4-af54-6849bb1b9487,22,Special construction2,2004,22,69.96,30
30bd3f41-97ce-47ea-a4a2-ae289cf6b364,15153605-1b4c-441d-9177-0e1914e8545d,1,Foundation,2005,21,65.28,60
e66dde35-e2bb-4213-895b-68bd3bc72456,15153605-1b4c-441d-9177-0e1914e8545d,2,Basement,1994,32,64.91,60
5efe2e74-8260-48a4-a9fe-72fbd278cb95,15153605-1b4c-441d-9177-0e1914e8545d,3,Superstructure,1992,34,80.25,50
c48729e2-e8df-489f-93c4-81cdfb2adbef,15153605-1b4c-441d-9177-0e1914e8545d,4,Exterior Structure,1984,42,22.0,40
3321f476-a645-40e2-84c7-1064123322f0,15153605-1b4c-441d-9177-0e1914e8545d,5,Roofing,1960,66,81.03,20
5e6cea22-b372-4f65-94fc-775c477c19c0,15153605-1b4c-441d-9177-0e1914e8545d,6,Interior Construction,2019,7,56.96,30
4a048a3b-d4bf-46cb-acfb-ea2ea8ae24d2,15153605-1b4c-441d-9177-0e1914e8545d,7,Stairs,1993,33,68.25,40
69cd9e0a-2814-497c-9447-681412e5e859,15153605-1b4c-441d-9177-0e1914e8545d,8,Interior Finishes,2002,24,72.83,20
7dc1999d-349d-4536-9b6d-ec0585d81dc9,15153605-1b4c-441d-9177-0e1914e8545d,9,Conveying,2015,11,68.88,10
cdac4996-33d8-484f-879f-74f73b13efb4,15153605-1b4c-441d-9177-0e1914e8545d,10,Plumbing,2014,12,52.02,30
ce85a901-964e-4f32-808c-043d96741195,15153605-1b4c-441d-9177-0e1914e8545d,11,Art,1978,48,21.96,10
e6871d93-4c46-43a5-bc36-17e23127b8e8,15153605-1b4c-441d-9177-0e1914e8545d,12,HVAC,2014,12,84.16,40
29120a3a-3e7d-4091-8271-cb39de069448,15153605-1b4c-441d-9177-0e1914e8545d,13,Fire Protection,2000,26,75.7,30
b2358b25-2fd1-4509-a7a8-a92b567a5253,15153605-1b4c-441d-9177-0e1914e8545d,14,Electric,1990,36,68.0,40
b433b804-46ae-4901-96db-952142f5196b,15153605-1b4c-441d-9177-0e1914e8545d,15,Furnishing,1990,36,68.32,20
2dd7f180-edd3-4738-8492-495589ef17cb,15153605-1b4c-441d-9177-0e1914e8545d,16,Protection,1989,37,88.81,10
23209057-08d8-4ad5-9c28-c59f2ac56eed,15153605-1b4c-441d-9177-0e1914e8545d,17,Special construction,2007,19,57.05,10
bc24d971-8f79-45ae-8efa-546e42e7feb7,15153605-1b4c-441d-9177-0e1914e8545d,18,Improvements,1976,50,74.36,10
57a45440-9e6d-4d27-9df5-e1bb28fb3c0a,15153605-1b4c-441d-9177-0e1914e8545d,19,Utilities,1951,75,60.98,30
696cade5-f872-4757-8b24-0a0dc274d1ca,15153605-1b4c-441d-9177-0e1914e8545d,20,Distribution,2000,26,86.57,30
d6df10ae-a97c-47d0-906f-d1c35d6ff81b,15153605-1b4c-441d-9177-0e1914e8545d,21,Other Construction,1975,51,70.17,30
edf20fe3-274c-4bbc-a643-2dde7a3394f6,15153605-1b4c-441d-9177-0e1914e8545d,22,Special construction2,1960,66,76.82,30
383fc9db-303a-4fa0-ac41-6d708e066ce2,74c9dd8b-be69-468c-826e-91e50b3fe528,1,Foundation,1974,52,78.75,60
55137073-ca3c-4f22-9da6-31ffeb32d2cc,74c9dd8b-be69-468c-826e-91e50b3fe528,2,Basement,1954,72,62.41,60
f2d5f0c9-032f-4e8f-ac34-6dcdca6f519c,74c9dd8b-be69-468c-826e-91e50b3fe528,3,Superstructure,1993,33,79.79,50
066f58ee-231e-4fe2-988b-256168ee2bca,74c9dd8b-be69-468c-826e-91e50b3fe528,4,Exterior Structure,2025,1,52.63,40
d6b474fa-71eb-4c4c-8d05-6705f7a7cb9f,74c9dd8b-be69-468c-826e-91e50b3fe528,5,Roofing,1994,32,54.51,20
188ceeae-6485-4ccf-88cb-cbc3d408c02c,74c9dd8b-be69-468c-826e-91e50b3fe528,6,Interior Construction,1974,52,79.22,30
26f1c452-2e0b-479a-a09c-5374b59b34eb,74c9dd8b-be69-468c-826e-91e50b3fe528,7,Stairs,1983,43,55.1,40
88c111c3-ea00-4075-b1fd-a8a5f2d411cb,74c9dd8b-be69-468c-826e-91e50b3fe528,8,Interior Finishes,1979,47,81.6,20
6cc5e1c2-d5af-486d-9044-31eb95cf0631,74c9dd8b-be69-468c-826e-91e50b3fe528,9,Conveying,2000,26,73.54,10
70fbefb1-77ac-43ab-bf87-853b94664501,74c9dd8b-be69-468c-826e-91e50b3fe528,10,Plumbing,1996,30,80.06,30
ca7ff289-ca17-4d79-9dbd-f61b109dab01,74c9dd8b-be69-468c-826e-91e50b3fe528,12,HVAC,2016,10,79.48,40
640a3bf9-46ac-470c-b989-1c05e19c22d7,74c9dd8b-be69-468c-826e-91e50b3fe528,13,Fire Protection,1974,52,63.74,30
fe7a68e7-2f0e-4fa3-9250-d259aecddfd6,74c9dd8b-be69-468c-826e-91e50b3fe528,14,Electric,1997,29,56.93,40
2718dadd-d4ae-49b7-bd3d-0891d2277587,74c9dd8b-be69-468c-826e-91e50b3fe528,15,Furnishing,1994,32,75.92,20
e6e0df47-7ff3-4962-bc3d-5641318bb041,74c9dd8b-be69-468c-826e-91e50b3fe528,16,Protection,2001,25,99.88,10
519e43c8-c5ae-4858-8275-11ca3dcb56ec,74c9dd8b-be69-468c-826e-91e50b3fe528,18,Improvements,1990,36,65.71,10
e7920a92-7a88-4a47-a1ea-399edfe6e4c9,74c9dd8b-be69-468c-826e-91e50b3fe528,19,Utilities,2011,15,51.97,30
90afdcba-dee5-47eb-ada6-c57e2f69b5c3,74c9dd8b-be69-468c-826e-91e50b3fe528,20,Distribution,2008,18,58.83,30
5d5b0757-4315-4542-a957-435fb344eaa9,74c9dd8b-be69-468c-826e-91e50b3fe528,21,Other Construction,1992,34,57.46,30
035434ec-bede-4b95-accd-c76f1c5a1517,74c9dd8b-be69-468c-826e-91e50b3fe528,22,Special construction2,2011,15,53.17,30
2d70f911-4307-4ae6-8b9f-1e2920b205aa,342cf5ef-6523-44f5-bc3f-fabc4c4e25a2,1,Foundation,1997,29,68.8,60
7f4f6e5b-5243-4a6c-91f3-afaf5dc071ac,342cf5ef-6523-44f5-bc3f-fabc4c4e25a2,2,Basement,1989,37,71.7,60
37af97a1-f2de-4963-babd-eb779926e9b8,342cf5ef-6523-44f5-bc3f-fabc4c4e25a2,3,Superstructure,1958,68,69.44,50
0890a0ce-3e1c-4ee5-9350-2ae7841f307f,342cf5ef-6523-44f5-bc3f-fabc4c4e25a2,4,Exterior Structure,1995,31,82.91,40
a3739e01-d3a8-44bf-84a9-e854d244522e,342cf5ef-6523-44f5-bc3f-fabc4c4e25a2,5,Roofing,1977,49,64.3,20
1c67775d-9646-400d-98b5-0bb453051411,342cf5ef-6523-44f5-bc3f-fabc4c4e25a2,6,Interior Construction,2026,0,79.46,30
1bc49168-f5a3-4a86-bbef-d8fbd74241dd,342cf5ef-6523-44f5-bc3f-fabc4c4e25a2,7,Stairs,2010,16,64.68,40
294a8302-6535-4308-bd0e-977bedffdec1,342cf5ef-6523-44f5-bc3f-fabc4c4e25a2,8,Interior Finishes,1996,30,54.36,20
edcc4ac0-c436-4bed-963f-f21f522d482e,342cf5ef-6523-44f5-bc3f-fabc4c4e25a2,9,Conveying,1989,37,53.42,10
0a1df043-af98-47f7-98dd-2871fd6f1a95,342cf5ef-6523-44f5-bc3f-fabc4c4e25a2,10,Plumbing,1951,75,74.01,30
b2ff61d1-a8d9-4d3c-b538-94e0f3e2c552,342cf5ef-6523-44f5-bc3f-fabc4c4e25a2,12,HVAC,2013,13,67.96,40
8b5ffaba-1deb-4740-8e6a-b8b99424dec1,342cf5ef-6523-44f5-bc3f-fabc4c4e25a2,13,Fire Protection,2020,6,61.82,30
3ed9ff8f-7d00-4a27-8d51-8fca7c96f0c4,342cf5ef-6523-44f5-bc3f-fabc4c4e25a2,14,Electric,1969,57,72.98,40
8c6c3296-8486-4177-9a59-f13b1439ef5f,342cf5ef-6523-44f5-bc3f-fabc4c4e25a2,15,Furnishing,1983,43,79.23,20
edc36f95-5c5e-4bc0-a2ec-7541df9d8d64,342cf5ef-6523-44f5-bc3f-fabc4c4e25a2,16,Protection,2022,4,80.91,10
10220b4f-dcd5-4493-8d85-8fc12f2e5446,342cf5ef-6523-44f5-bc3f-fabc4c4e25a2,17,Special construction,2015,11,76.43,10
5a04f1be-dfed-4c3f-a367-fa822394d12f,342cf5ef-6523-44f5-bc3f-fabc4c4e25a2,18,Improvements,2005,21,72.8,10
f419325b-73a6-4944-94c8-d46697323e49,342cf5ef-6523-44f5-bc3f-fabc4c4e25a2,19,Utilities,1998,28,77.98,30
1a0ac98c-33d6-4542-874a-6e80e5d5d816,342cf5ef-6523-44f5-bc3f-fabc4c4e25a2,20,Distribution,1978,48,23.49,30
47b424c7-7db8-4c57-9862-ded8b8813c23,342cf5ef-6523-44f5-bc3f-fabc4c4e25a2,21,Other Construction,1976,50,98.15,30
79421f56-d2b8-415c-938e-3cd182d3c99f,342cf5ef-6523-44f5-bc3f-fabc4c4e25a2,22,Special construction2,1995,31,61.7,30
b03819a7-f36b-4667-939f-4518cef746c6,e19128cd-fa51-4162-a429-85f58ba06283,1,Foundation,1958,68,55.42,60
40bdc362-8e09-4062-bf25-8bc589397fcb,e19128cd-fa51-4162-a429-85f58ba06283,2,Basement,1963,63,56.96,60
8d90e8eb-1bb4-4596-86ca-a2defba0a1e0,e19128cd-fa51-4162-a429-85f58ba06283,3,Superstructure,2005,21,76.93,50
4c5bfebe-9687-45e3-9614-883505b6c766,e19128cd-fa51-4162-a429-85f58ba06283,4,Exterior Structure,2012,14,63.82,40
fc1a97b2-0690-4b86-abe8-6d22c72ad0c5,e19128cd-fa51-4162-a429-85f58ba06283,5,Roofing,1992,34,74.07,20
34d56cab-fd9a-4d68-ad83-ac92f0cb2a5e,e19128cd-fa51-4162-a429-85f58ba06283,6,Interior Construction,1963,63,73.38,30
44cd2b54-86b1-4d8a-a96c-b0b00fe5a340,e19128cd-fa51-4162-a429-85f58ba06283,7,Stairs,1993,33,59.88,40
30ff4614-28f9-4783-a0c1-46fa4203cc0a,e19128cd-fa51-4162-a429-85f58ba06283,8,Interior Finishes,1996,30,66.52,20
811da0f5-62af-42cc-afd6-b81fff169777,e19128cd-fa51-4162-a429-85f58ba06283,9,Conveying,2008,18,78.25,10
a0b89f45-fc3e-4f23-95e4-29dc79033929,e19128cd-fa51-4162-a429-85f58ba06283,10,Plumbing,2021,5,61.1,30
723a3f91-18d6-4742-bfb1-8c7b26031f93,e19128cd-fa51-4162-a429-85f58ba06283,12,HVAC,1990,36,71.19,40
87aa7e4c-d019-4198-bb9e-be909b360e85,e19128cd-fa51-4162-a429-85f58ba06283,13,Fire Protection,1998,28,58.28,30
f6eb0eb7-2d39-44d1-b6ce-3b7d9dc2102a,e19128cd-fa51-4162-a429-85f58ba06283,14,Electric,2019,7,51.96,40
1f93ee10-ae9c-4df6-bf19-ea649723a9ee,e19128cd-fa51-4162-a429-85f58ba06283,15,Furnishing,1970,56,79.56,20
0e5d2a2f-83f4-4a99-8bf7-a35b4a5cc70d,e19128cd-fa51-4162-a429-85f58ba06283,16,Protection,1948,78,64.0,10
827b75d0-95ad-4726-ae7c-e729c8602c7b,e19128cd-fa51-4162-a429-85f58ba06283,17,Special construction,2015,11,67.73,10
8fba6801-d004-47ad-b9aa-f8cbac0b4ac1,e19128cd-fa51-4162-a429-85f58ba06283,18,Improvements,1987,39,54.87,10
2905c410-cc72-46bd-97a7-5d940fc200f1,e19128cd-fa51-4162-a429-85f58ba06283,19,Utilities,1965,61,65.27,30
0fba1804-9cb3-4f7c-bcad-5adfa209845a,e19128cd-fa51-4162-a429-85f58ba06283,20,Distribution,1971,55,70.08,30
6657ba56-63b4-4dd5-969e-7dc02359db35,e19128cd-fa51-4162-a429-85f58ba06283,21,Other Construction,2012,14,60.81,30
8b2561ca-f486-4f64-8f85-e38addf4dc32,e19128cd-fa51-4162-a429-85f58ba06283,22,Special construction2,2015,11,63.87,30
152cdbcb-b4a7-4927-89f6-63f5d3f2591b,dadc0742-134f-4e79-b4eb-37607663fa98,1,Foundation,2016,10,60.61,60
140de023-9291-402a-90e5-c4e94932f5c9,dadc0742-134f-4e79-b4eb-37607663fa98,2,Basement,2011,15,80.76,60
42ea1e9e-45df-432b-982b-32fc3b6a2be1,dadc0742-134f-4e79-b4eb-37607663fa98,3,Superstructure,2005,21,60.89,50
4201e9c2-a50d-4865-9920-35208bd0c895,dadc0742-134f-4e79-b4eb-37607663fa98,4,Exterior Structure,2019,7,61.8,40
10bd8bbf-68a7-40eb-95d9-19a66cc6d554,dadc0742-134f-4e79-b4eb-37607663fa98,5,Roofing,2021,5,84.27,20
62ad3649-42f9-44a3-bda0-fe4661b09178,dadc0742-134f-4e79-b4eb-37607663fa98,6,Interior Construction,1999,27,68.11,30
f379b0c4-2ff0-4cc0-bbb1-b5eb72b1bffb,dadc0742-134f-4e79-b4eb-37607663fa98,7,Stairs,1977,49,59.17,40
99591c38-b7bd-48f7-a5b3-5b4b9f2b45b8,dadc0742-134f-4e79-b4eb-37607663fa98,8,Interior Finishes,2008,18,63.92,20
58cd23d9-30fb-4972-a36b-11726fcb45c0,dadc0742-134f-4e79-b4eb-37607663fa98,9,Conveying,1988,38,77.71,10
50a5b922-e1ae-4e58-83de-889085baa9d3,dadc0742-134f-4e79-b4eb-37607663fa98,10,Plumbing,2012,14,86.18,30
7c008e1f-0b72-4b03-9a06-a53cf3862bcc,dadc0742-134f-4e79-b4eb-37607663fa98,12,HVAC,1998,28,77.64,40
c7c2299b-647d-4d23-8d54-893e789ceab7,dadc0742-134f-4e79-b4eb-37607663fa98,13,Fire Protection,1950,76,55.77,30
96174b16-b2e1-4e85-b120-aa73669c4300,dadc0742-134f-4e79-b4eb-37607663fa98,14,Electric,1973,53,25.45,40
b72f9a38-37a0-43cd-a848-aba37883fdff,dadc0742-134f-4e79-b4eb-37607663fa98,15,Furnishing,1954,72,56.42,20
ac8d0bab-2786-4a60-bf03-e6bf695e461c,dadc0742-134f-4e79-b4eb-37607663fa98,16,Protection,2007,19,68.14,10
1787253c-c419-489e-8830-5bd98cbb0aa7,dadc0742-134f-4e79-b4eb-37607663fa98,18,Improvements,2001,25,63.72,10
f2f4c63b-a928-42c3-a422-4add7a282c80,dadc0742-134f-4e79-b4eb-37607663fa98,19,Utilities,2023,3,57.46,30
10543218-4587-40f2-a74b-71bf056d9733,dadc0742-134f-4e79-b4eb-37607663fa98,20,Distribution,2011,15,77.58,30
e42ea57d-bbf0-4282-8bf4-9275bf3da06f,dadc0742-134f-4e79-b4eb-37607663fa98,21,Other Construction,2010,16,71.05,30
60001ce6-ef81-4959-9c0d-a62d3970d54b,dadc0742-134f-4e79-b4eb-37607663fa98,22,Special construction2,2013,13,58.38,30
948da564-19ba-4a50-a894-ec1ec2dea56a,f5be0a06-4c4d-4d7d-9ea2-03af37308228,1,Foundation,2024,2,76.56,60
088730e9-26bc-4e02-b1c3-d01dc0974257,f5be0a06-4c4d-4d7d-9ea2-03af37308228,2,Basement,1992,34,63.92,60
18cb8461-5c7a-4578-99c2-2969c416c51b,f5be0a06-4c4d-4d7d-9ea2-03af37308228,3,Superstructure,1954,72,53.0,50
3cca7423-de1b-4a14-b158-643f908fa9af,f5be0a06-4c4d-4d7d-9ea2-03af37308228,4,Exterior Structure,1987,39,71.47,40
6741dc3d-5823-40f2-84d9-c7ec257ad0b2,f5be0a06-4c4d-4d7d-9ea2-03af37308228,5,Roofing,2026,0,73.75,20
700c0768-b01b-48c4-b23f-42c185adb7df,f5be0a06-4c4d-4d7d-9ea2-03af37308228,6,Interior Construction,2013,13,70.02,30
ea41c2cf-a075-4607-8c0f-81763ab94093,f5be0a06-4c4d-4d7d-9ea2-03af37308228,7,Stairs,2026,0,79.08,40
2acdff2c-9884-4682-b968-e877f6063666,f5be0a06-4c4d-4d7d-9ea2-03af37308228,8,Interior Finishes,1989,37,84.56,20
ad1f2f0e-7340-4c0b-ac7e-199621fed77a,f5be0a06-4c4d-4d7d-9ea2-03af37308228,9,Conveying,2005,21,55.26,10
d65ddf5e-5861-4d04-b23b-fd34188aadad,f5be0a06-4c4d-4d7d-9ea2-03af37308228,10,Plumbing,2025,1,69.34,30
39c635f1-82ef-4c5d-b688-e54fc9207529,f5be0a06-4c4d-4d7d-9ea2-03af37308228,12,HVAC,1947,79,64.69,40
9ac84298-7f4d-489b-a09d-ace1d0fa2576,f5be0a06-4c4d-4d7d-9ea2-03af37308228,13,Fire Protection,1963,63,70.71,30
25cf85e2-7791-4f5f-92f1-d4c22bc167b0,f5be0a06-4c4d-4d7d-9ea2-03af37308228,14,Electric,1987,39,72.28,40
51780d94-6fa2-4f4c-a031-8490038cb0ba,f5be0a06-4c4d-4d7d-9ea2-03af37308228,15,Furnishing,1951,75,66.02,20
5a70914e-b743-42b2-95a6-ad8d58b61848,f5be0a06-4c4d-4d7d-9ea2-03af37308228,16,Protection,1989,37,70.14,10
3db11fdb-1a4b-45f4-af6c-336ada29a5cc,f5be0a06-4c4d-4d7d-9ea2-03af37308228,17,Special construction,1947,79,68.94,10
e68ada26-d851-4daf-881a-9ea7fb52b94f,f5be0a06-4c4d-4d7d-9ea2-03af37308228,18,Improvements,2013,13,55.54,10
9842756c-fdee-42c9-85ef-a7f104837177,f5be0a06-4c4d-4d7d-9ea2-03af37308228,19,Utilities,1997,29,70.0,30
3a1a64ec-ab1b-4af2-baf8-92d8d9671cc0,f5be0a06-4c4d-4d7d-9ea2-03af37308228,20,Distribution,1997,29,84.74,30
61024c91-626d-4d35-9e8c-ec76f188c6d1,f5be0a06-4c4d-4d7d-9ea2-03af37308228,21,Other Construction,2003,23,72.44,30
bf34f81a-f582-4ebd-8d2f-77018e6d7cb3,f5be0a06-4c4d-4d7d-9ea2-03af37308228,22,Special construction2,2000,26,62.12,30
0fa9177f-868b-4208-b1db-ac76442e5868,169425d5-32ac-4488-a210-021c0121d514,1,Foundation,2008,18,63.81,60
6a2ddfb4-4712-4e02-b83b-18ff0ba9456e,169425d5-32ac-4488-a210-021c0121d514,2,Basement,2001,25,50.63,60
f10a7e42-d7c7-4189-8c5b-22794d59df32,169425d5-32ac-4488-a210-021c0121d514,3,Superstructure,1983,43,84.22,50
e31ea6f4-ab9b-492c-be99-00e09b6b1a8b,169425d5-32ac-4488-a210-021c0121d514,4,Exterior Structure,1999,27,48.95,40
2ec6e9e6-d234-42bc-994a-a2ca7036893e,169425d5-32ac-4488-a210-021c0121d514,5,Roofing,1996,30,28.43,20
b1268604-2e52-47c1-81db-b4aff2c93a6b,169425d5-32ac-4488-a210-021c0121d514,6,Interior Construction,2001,25,69.73,30
dc369407-01c7-4be3-81bb-1d811ddf9cf7,169425d5-32ac-4488-a210-021c0121d514,7,Stairs,2004,22,67.61,40
91060b22-5b66-47a2-a5ed-9f56c68f7e0a,169425d5-32ac-4488-a210-021c0121d514,8,Interior Finishes,2006,20,80.55,20
23934969-75b4-4339-a1e6-9c5b80e80f2b,169425d5-32ac-4488-a210-021c0121d514,9,Conveying,1993,33,70.45,10
27fa8b86-aced-4ee3-8d3a-07860d01a80d,169425d5-32ac-4488-a210-021c0121d514,10,Plumbing,2010,16,78.1,30
361e6926-7799-4cb8-aca2-26067fa84fd1,169425d5-32ac-4488-a210-021c0121d514,12,HVAC,2019,7,24.13,40
481363d5-5c14-47cc-a561-f4f6fc276cc4,169425d5-32ac-4488-a210-021c0121d514,13,Fire Protection,1990,36,82.1,30
2e7be875-518c-44fa-8b45-f6107fb1c311,169425d5-32ac-4488-a210-021c0121d514,14,Electric,1996,30,62.58,40
0130519b-505d-4815-ac29-3fdd6ea7eee7,169425d5-32ac-4488-a210-021c0121d514,15,Furnishing,2003,23,67.89,20
77767cd4-adbf-4aa8-9cb4-69237d06f9fb,169425d5-32ac-4488-a210-021c0121d514,16,Protection,1989,37,50.56,10
ddd3bddb-d7fc-4dee-b321-fc5ae4796b75,169425d5-32ac-4488-a210-021c0121d514,17,Special construction,2013,13,73.64,10
494fbfc2-85b3-4d0c-9975-086b527c9192,169425d5-32ac-4488-a210-021c0121d514,18,Improvements,1997,29,77.86,10
8aac6877-5cab-48c9-b8ca-c50347062ab3,169425d5-32ac-4488-a210-021c0121d514,19,Utilities,1988,38,87.41,30
6996f37c-f7b1-4a8c-8cde-edd4f5219395,169425d5-32ac-4488-a210-021c0121d514,20,Distribution,2007,19,52.91,30
b2a5aef5-32d3-4691-bd73-1e00b96947d6,169425d5-32ac-4488-a210-021c0121d514,21,Other Construction,1992,34,78.45,30
23a71f49-2228-4b11-b7ea-a925d3a07a66,169425d5-32ac-4488-a210-021c0121d514,22,Special construction2,1983,43,52.63,30
2cdddc87-1617-49aa-9cc2-1fd3f4cee42d,fc798d88-819e-4c7f-84b4-fef7532f122f,1,Foundation,1985,41,59.22,60
84707d6e-d9df-4ab3-8e2c-01d022b0297c,fc798d88-819e-4c7f-84b4-fef7532f122f,3,Superstructure,2016,10,73.45,50
0eaacf5e-dc1f-47a8-9ede-c7a67e109927,fc798d88-819e-4c7f-84b4-fef7532f122f,4,Exterior Structure,2008,18,60.21,40
3d84a719-bd98-4c86-a76b-1dc1a9c90bbd,fc798d88-819e-4c7f-84b4-fef7532f122f,5,Roofing,1987,39,58.8,20
612ffb44-2e95-4eed-953a-d62ba754fa05,fc798d88-819e-4c7f-84b4-fef7532f122f,6,Interior Construction,2016,10,53.49,30
75444d0c-d298-49a4-8444-2460a2e78b68,fc798d88-819e-4c7f-84b4-fef7532f122f,8,Interior Finishes,2009,17,80.08,20
79bbd620-8c0a-48fd-a194-62d91a27f32b,fc798d88-819e-4c7f-84b4-fef7532f122f,9,Conveying,1988,38,53.39,10
3f4746b8-29b7-400f-b521-8df1183d444f,fc798d88-819e-4c7f-84b4-fef7532f122f,10,Plumbing,1994,32,84.81,30
baae6773-60c8-4bd9-9b09-5ac2213286b2,fc798d88-819e-4c7f-84b4-fef7532f122f,13,Fire Protection,1996,30,64.51,30
307a093d-2160-4e96-8179-b9702e6994d1,fc798d88-819e-4c7f-84b4-fef7532f122f,14,Electric,1999,27,39.81,40
2701897b-db9d-43e0-b114-8d14ba325867,fc798d88-819e-4c7f-84b4-fef7532f122f,16,Protection,1992,34,81.01,10
86ed6d14-4db4-450f-aae5-79a98eb8aa31,fc798d88-819e-4c7f-84b4-fef7532f122f,18,Improvements,2009,17,66.74,10
981659dd-9149-4814-969e-0f6c57134ee8,fc798d88-819e-4c7f-84b4-fef7532f122f,19,Utilities,2008,18,65.56,30
29a917bf-4990-4814-966b-440d622ea5f1,fc798d88-819e-4c7f-84b4-fef7532f122f,20,Distribution,1998,28,57.71,30
c9b54851-f4f6-41b8-b86f-34594880ad1a,fc798d88-819e-4c7f-84b4-fef7532f122f,21,Other Construction,2001,25,61.97,30
94055157-7fbe-486c-a814-3acff13bf95c,fc798d88-819e-4c7f-84b4-fef7532f122f,22,Special construction2,2024,2,64.91,30
236b8952-8080-4e77-97d6-3c64d43c0f04,c5e42637-9172-4456-ac7d-562d9a4cae0f,1,Foundation,2003,23,61.11,60
4e482892-6434-465c-880a-46f67ae33b8b,c5e42637-9172-4456-ac7d-562d9a4cae0f,2,Basement,2005,21,70.55,60
d88275f3-1914-4c03-826d-d1ae6ceef25f,c5e42637-9172-4456-ac7d-562d9a4cae0f,3,Superstructure,1984,42,63.96,50
e7f298bc-9f24-4414-8219-3df64ccc42f0,c5e42637-9172-4456-ac7d-562d9a4cae0f,4,Exterior Structure,1982,44,55.06,40
3448118d-3c22-4a63-a198-f4d507860478,c5e42637-9172-4456-ac7d-562d9a4cae0f,5,Roofing,2000,26,63.46,20
cc0ca7e1-eedc-4fb2-9fb0-ab3edb32f178,c5e42637-9172-4456-ac7d-562d9a4cae0f,6,Interior Construction,2013,13,67.32,30
fd04ac15-7451-409b-9ef7-2e6f919fd418,c5e42637-9172-4456-ac7d-562d9a4cae0f,7,Stairs,1990,36,54.67,40
f083a92c-4e42-4ce5-8aea-ec8b8d74e135,c5e42637-9172-4456-ac7d-562d9a4cae0f,8,Interior Finishes,2002,24,80.41,20
1098f234-a8b8-491b-a328-1eac58734c69,c5e42637-9172-4456-ac7d-562d9a4cae0f,9,Conveying,1987,39,81.52,10
e3062c8f-5782-4534-80b0-00613b975a2d,c5e42637-9172-4456-ac7d-562d9a4cae0f,10,Plumbing,1990,36,54.22,30
327e7f89-88ea-446a-9b18-d3b5800cce60,c5e42637-9172-4456-ac7d-562d9a4cae0f,12,HVAC,2019,7,82.68,40
e81607a1-0909-4284-aacb-23cd83b1a2f0,c5e42637-9172-4456-ac7d-562d9a4cae0f,13,Fire Protection,2011,15,30.7,30
8f396e63-bdec-48de-ad47-d42ee13fad9d,c5e42637-9172-4456-ac7d-562d9a4cae0f,14,Electric,1988,38,82.54,40
f1605bd9-4e15-4d71-8c33-b7b6d3a10028,c5e42637-9172-4456-ac7d-562d9a4cae0f,15,Furnishing,1971,55,62.6,20
b8a0da64-3300-4081-b71f-09931d73dbd2,c5e42637-9172-4456-ac7d-562d9a4cae0f,16,Protection,1978,48,63.74,10
205bce70-fcf1-49ce-bc78-2ec602101c24,c5e42637-9172-4456-ac7d-562d9a4cae0f,18,Improvements,1977,49,52.25,10
5bee874a-a7a2-468d-80cb-33ab9519bca2,c5e42637-9172-4456-ac7d-562d9a4cae0f,19,Utilities,2013,13,77.9,30
b93227db-040a-4274-bd0a-9019472d0f94,c5e42637-9172-4456-ac7d-562d9a4cae0f,20,Distribution,2015,11,75.84,30
09ffac7a-a709-4ab3-9ebb-d83c24f7802b,c5e42637-9172-4456-ac7d-562d9a4cae0f,21,Other Construction,1996,30,69.42,30
b4bd33f9-55db-453b-9fcc-7e80a5b6f484,c5e42637-9172-4456-ac7d-562d9a4cae0f,22,Special construction2,2000,26,58.01,30
4afb8145-5c43-4bcf-971c-4b3291b5ba38,ed12b5ce-7d98-4ceb-950d-072df83bc51a,1,Foundation,2022,4,53.31,60
047154e6-2091-43dc-9ee2-4cd8dd428332,ed12b5ce-7d98-4ceb-950d-072df83bc51a,3,Superstructure,2008,18,57.88,50
e7f63970-cefa-4e9a-9822-6b5ebd2a15a8,ed12b5ce-7d98-4ceb-950d-072df83bc51a,4,Exterior Structure,1988,38,60.3,40
badbe03c-2a32-43e6-b688-baf892fc933d,ed12b5ce-7d98-4ceb-950d-072df83bc51a,5,Roofing,1992,34,82.92,20
9398cd75-475d-463a-99b4-77cfbf96a316,ed12b5ce-7d98-4ceb-950d-072df83bc51a,6,Interior Construction,1958,68,84.39,30
b0dd7740-8a41-4061-ad36-2277fb172016,ed12b5ce-7d98-4ceb-950d-072df83bc51a,7,Stairs,1995,31,61.14,40
3a1faba1-2db2-401c-bdd9-a2f8f6bb0f37,ed12b5ce-7d98-4ceb-950d-072df83bc51a,8,Interior Finishes,1956,70,58.98,20
8770a128-4294-4957-bfa6-cf1236b5dd21,ed12b5ce-7d98-4ceb-950d-072df83bc51a,9,Conveying,2003,23,51.21,10
7ac5e0e2-7a60-424e-bb9b-32eddef365b6,ed12b5ce-7d98-4ceb-950d-072df83bc51a,10,Plumbing,1998,28,71.49,30
85b2ff70-3cef-4463-9810-9ddc1ae8fbfd,ed12b5ce-7d98-4ceb-950d-072df83bc51a,11,Art,1987,39,59.45,10
9fd5e644-2fb2-4f90-9415-a7188136e6f1,ed12b5ce-7d98-4ceb-950d-072df83bc51a,12,HVAC,1991,35,70.74,40
4674d7e6-bef2-4795-95a3-d7d28993d601,ed12b5ce-7d98-4ceb-950d-072df83bc51a,13,Fire Protection,2018,8,61.9,30
201e8aa8-654d-4dd6-a4c7-a271e48845fc,ed12b5ce-7d98-4ceb-950d-072df83bc51a,14,Electric,2011,15,85.87,40
e43dac5b-4a7d-4ca8-9994-49b91974578a,ed12b5ce-7d98-4ceb-950d-072df83bc51a,15,Furnishing,2009,17,74.09,20
2dbd394a-c12f-4d60-9f50-732d97f4243b,ed12b5ce-7d98-4ceb-950d-072df83bc51a,16,Protection,2012,14,58.36,10
b36ae3ca-1105-44c8-8fde-79f944303b04,ed12b5ce-7d98-4ceb-950d-072df83bc51a,17,Special construction,1997,29,78.92,10
9bbd93ad-6376-4d99-8f42-1b141e0a0f3e,ed12b5ce-7d98-4ceb-950d-072df83bc51a,18,Improvements,2000,26,73.71,10
2713f36b-1892-48c4-b2f7-b27e62fac08e,ed12b5ce-7d98-4ceb-950d-072df83bc51a,19,Utilities,2012,14,68.62,30
1e99d074-4e66-47b3-bd24-5721313e75b9,ed12b5ce-7d98-4ceb-950d-072df83bc51a,20,Distribution,1964,62,58.18,30
1a53f175-c9ec-495e-9d21-a2c0ea6526ce,ed12b5ce-7d98-4ceb-950d-072df83bc51a,21,Other Construction,1994,32,62.02,30
b278efb0-1726-45a7-9643-4af4b8d6bad4,ed12b5ce-7d98-4ceb-950d-072df83bc51a,22,Special construction2,2014,12,68.33,30
f4684898-b26c-41cd-b520-b60be84b85d7,6e38338f-5302-49e0-867c-b45f247cf1e7,1,Foundation,1964,62,55.92,60
24bfcba8-2ec0-4b65-a1ab-3336ab502b0b,6e38338f-5302-49e0-867c-b45f247cf1e7,3,Superstructure,1990,36,15.01,50
858deb56-9b15-4ae6-a1d2-35b49b591e09,6e38338f-5302-49e0-867c-b45f247cf1e7,4,Exterior Structure,2008,18,66.19,40
715f2515-e603-4a04-8caf-327efe693a93,6e38338f-5302-49e0-867c-b45f247cf1e7,5,Roofing,1989,37,66.81,20
f91d4d10-594f-48d2-b868-217415b4f9c0,6e38338f-5302-49e0-867c-b45f247cf1e7,8,Interior Finishes,2004,22,72.71,20
a74d2ff3-cfa1-4b20-b5f8-3c3196b78ae8,6e38338f-5302-49e0-867c-b45f247cf1e7,9,Conveying,1992,34,62.12,10
931d4f34-baaf-4b96-ad03-f8efc60589ba,6e38338f-5302-49e0-867c-b45f247cf1e7,10,Plumbing,2022,4,78.62,30
46a07a32-7d9c-4f2b-b82e-d2032aa0405a,6e38338f-5302-49e0-867c-b45f247cf1e7,12,HVAC,1988,38,70.61,40
85e8144b-3f1d-4bf7-b48b-d553f4e8d809,6e38338f-5302-49e0-867c-b45f247cf1e7,13,Fire Protection,2008,18,67.35,30
0d5793c4-6a94-4232-970e-41be8e9eb2a5,6e38338f-5302-49e0-867c-b45f247cf1e7,14,Electric,2023,3,83.41,40
7adbd670-0051-4e63-98c1-b82e00da8cd9,6e38338f-5302-49e0-867c-b45f247cf1e7,15,Furnishing,2018,8,58.59,20
193f739f-4f6b-4496-84ed-b437a5634432,6e38338f-5302-49e0-867c-b45f247cf1e7,16,Protection,1989,37,84.33,10
9b03709b-5377-4d24-bf47-0664d84dfefe,6e38338f-5302-49e0-867c-b45f247cf1e7,18,Improvements,1988,38,78.78,10
edafd33e-b5db-4fc2-b629-0af10db70d5e,6e38338f-5302-49e0-867c-b45f247cf1e7,19,Utilities,2014,12,50.0,30
6f9f8043-7618-45a5-8a81-925538e92f8d,6e38338f-5302-49e0-867c-b45f247cf1e7,20,Distribution,2007,19,84.03,30
3dbc2b7f-428b-4485-a296-8b91054f55f4,6e38338f-5302-49e0-867c-b45f247cf1e7,21,Other Construction,2008,18,64.11,30
28231249-0a97-4930-b63e-f283cd0ea7a5,6e38338f-5302-49e0-867c-b45f247cf1e7,22,Special construction2,2015,11,71.76,30
3cf2af2b-c9b1-4538-82a3-412c5b3fc688,5295ac99-6a9f-487a-83fc-b064ea6287ab,1,Foundation,2014,12,64.08,60
00eeefae-9757-4382-a03e-e464af9c8a1d,5295ac99-6a9f-487a-83fc-b064ea6287ab,3,Superstructure,1999,27,82.12,50
d38ebb11-a3f9-4f7c-aecb-521e5143c514,5295ac99-6a9f-487a-83fc-b064ea6287ab,4,Exterior Structure,2001,25,79.16,40
df2dc3f2-c466-49eb-aada-f144125b58ac,5295ac99-6a9f-487a-83fc-b064ea6287ab,5,Roofing,1958,68,60.16,20
5f9d3fd3-9951-42d1-82e3-070a97875ff5,5295ac99-6a9f-487a-83fc-b064ea6287ab,8,Interior Finishes,2016,10,47.56,20
517d6076-6ffe-42af-9e43-75f9ea6f95f3,5295ac99-6a9f-487a-83fc-b064ea6287ab,9,Conveying,1996,30,62.88,10
e8b66bf7-d26c-4f12-a8b2-23a65bfb9e91,5295ac99-6a9f-487a-83fc-b064ea6287ab,10,Plumbing,2005,21,59.95,30
29758c6d-cde9-4fc2-a28e-382168dfcb6e,5295ac99-6a9f-487a-83fc-b064ea6287ab,13,Fire Protection,2011,15,53.26,30
33b0750f-1d4a-4ab2-91c5-5bf42218f2f8,5295ac99-6a9f-487a-83fc-b064ea6287ab,14,Electric,1998,28,57.66,40
b07d7974-ec99-4524-9f45-cdafe57ccfe7,5295ac99-6a9f-487a-83fc-b064ea6287ab,16,Protection,2021,5,75.53,10
48a32b4c-59a2-452c-96a4-3eb056d7faf6,5295ac99-6a9f-487a-83fc-b064ea6287ab,18,Improvements,2005,21,75.23,10
f2fe01d4-ce0c-411f-9034-f62968cb0e41,5295ac99-6a9f-487a-83fc-b064ea6287ab,19,Utilities,1995,31,73.18,30
b2621844-4479-446d-864a-69e37b1ee150,5295ac99-6a9f-487a-83fc-b064ea6287ab,20,Distribution,2001,25,67.19,30
9354a362-a423-4be4-bf73-b6c10c7a7d6d,5295ac99-6a9f-487a-83fc-b064ea6287ab,21,Other Construction,2021,5,92.71,30
d2c31d4c-2be6-4ec3-a851-d0489d347bbc,5295ac99-6a9f-487a-83fc-b064ea6287ab,22,Special construction2,2000,26,73.76,30
154f1962-c3eb-4fc4-bffb-efca8609a6b2,70d4e085-27d9-46e6-af35-11a808bdd791,1,Foundation,1988,38,74.41,60
3f349888-fe48-4a2d-b44f-9ace68f7a64d,70d4e085-27d9-46e6-af35-11a808bdd791,3,Superstructure,2006,20,84.19,50
a36b0ab1-7284-484e-ba51-d2c4d4508949,70d4e085-27d9-46e6-af35-11a808bdd791,4,Exterior Structure,2003,23,70.39,40
beb4cbca-ec90-46ee-a044-abed1167f9c0,70d4e085-27d9-46e6-af35-11a808bdd791,5,Roofing,1998,28,87.14,20
ff287d0e-00db-43cd-bc3a-bcb6c06b8254,70d4e085-27d9-46e6-af35-11a808bdd791,6,Interior Construction,1962,64,78.56,30
be1b202e-fc3c-405b-9d19-bad2b1df4557,70d4e085-27d9-46e6-af35-11a808bdd791,7,Stairs,1995,31,72.82,40
79c93887-e323-46a9-b328-0be3114c1cef,70d4e085-27d9-46e6-af35-11a808bdd791,8,Interior Finishes,1980,46,69.19,20
629391c6-1664-46e5-acd9-2c9aaaea1c96,70d4e085-27d9-46e6-af35-11a808bdd791,9,Conveying,1995,31,67.9,10
0a623fa3-c450-4e5c-990a-ae1a75d65d70,70d4e085-27d9-46e6-af35-11a808bdd791,10,Plumbing,2012,14,63.47,30
e93d21c7-e451-4a2c-afd1-18f319d0e069,70d4e085-27d9-46e6-af35-11a808bdd791,12,HVAC,1994,32,6.67,40
11efa331-40b4-494a-9492-ea280183f653,70d4e085-27d9-46e6-af35-11a808bdd791,13,Fire Protection,1971,55,65.33,30
5ea712c2-db99-4b68-a5b7-1daff3cff6f1,70d4e085-27d9-46e6-af35-11a808bdd791,14,Electric,1991,35,69.62,40
dc73db1c-8fa4-4aa7-b409-03ea57273c42,70d4e085-27d9-46e6-af35-11a808bdd791,15,Furnishing,1955,71,56.13,20
3026f546-f529-4cca-9de7-5f4bb82bae38,70d4e085-27d9-46e6-af35-11a808bdd791,16,Protection,2013,13,55.99,10
34a2354a-3f5a-4836-b040-e7668e77f8bb,70d4e085-27d9-46e6-af35-11a808bdd791,18,Improvements,2020,6,82.89,10
e3b7ea06-638c-4ed1-94f6-b17e2a65a9de,70d4e085-27d9-46e6-af35-11a808bdd791,19,Utilities,2002,24,51.4,30
aff7b66b-5839-4759-b204-b42aaa3252d2,70d4e085-27d9-46e6-af35-11a808bdd791,20,Distribution,1997,29,74.73,30
6dda01c3-c3ce-4251-a9de-51596de3e7fb,70d4e085-27d9-46e6-af35-11a808bdd791,21,Other Construction,2002,24,73.93,30
a99a2690-54d7-4c27-979e-dbd1f7fda689,70d4e085-27d9-46e6-af35-11a808bdd791,22,Special construction2,1968,58,54.12,30
bf8ad171-48ad-43ae-b94f-3ad67d065d33,0a939815-ada8-4e0d-a03c-819b7916ab8d,1,Foundation,2006,20,80.39,60
ca38d337-2732-4d5c-8471-2691ef84f729,0a939815-ada8-4e0d-a03c-819b7916ab8d,3,Superstructure,2005,21,57.83,50
63e99fb2-beae-45e2-a41f-838b37b458bc,0a939815-ada8-4e0d-a03c-819b7916ab8d,4,Exterior Structure,1963,63,81.61,40
4661d9d1-3f7d-40e2-b5a6-cf3457804c8a,0a939815-ada8-4e0d-a03c-819b7916ab8d,5,Roofing,1976,50,73.65,20
5845a4cf-a8f8-400d-a364-1215ea6c044a,0a939815-ada8-4e0d-a03c-819b7916ab8d,6,Interior Construction,1980,46,69.8,30
62f5df7b-0924-47fe-919e-2626d66b1905,0a939815-ada8-4e0d-a03c-819b7916ab8d,7,Stairs,1968,58,61.46,40
d97f7e50-7bed-4238-9396-7c3ba4435317,0a939815-ada8-4e0d-a03c-819b7916ab8d,8,Interior Finishes,2010,16,66.84,20
94f3f5de-433f-42f0-9e66-f398c5b63a1d,0a939815-ada8-4e0d-a03c-819b7916ab8d,9,Conveying,2023,3,52.07,10
2eb08d18-2def-423b-a838-38a76c6eff77,0a939815-ada8-4e0d-a03c-819b7916ab8d,10,Plumbing,1983,43,61.06,30
b36afd87-85c7-48af-bc3b-587ebfc94f57,0a939815-ada8-4e0d-a03c-819b7916ab8d,12,HVAC,1995,31,89.99,40
32a2e010-2fbb-4472-be9a-b3857f6892d9,0a939815-ada8-4e0d-a03c-819b7916ab8d,13,Fire Protection,1982,44,74.71,30
2fa5e5ff-a2a8-4649-b0b8-97e67ee85d4b,0a939815-ada8-4e0d-a03c-819b7916ab8d,14,Electric,1996,30,56.43,40
84f68491-2ea9-4b2a-bddb-73ca0f936041,0a939815-ada8-4e0d-a03c-819b7916ab8d,15,Furnishing,2010,16,84.58,20
23f4892d-9e26-40d9-879a-faf17c33e6be,0a939815-ada8-4e0d-a03c-819b7916ab8d,16,Protection,2016,10,79.29,10
5922179f-e88f-4ed9-9a06-0590666464e2,0a939815-ada8-4e0d-a03c-819b7916ab8d,18,Improvements,1981,45,82.85,10
b6c9e1c0-1646-46c3-b041-3c5669c14ead,0a939815-ada8-4e0d-a03c-819b7916ab8d,19,Utilities,2021,5,68.87,30
40ebd060-750f-4ea3-bbb5-4da9c0eb9a6a,0a939815-ada8-4e0d-a03c-819b7916ab8d,20,Distribution,2024,2,73.12,30
b9a0b34a-9d0c-4ae8-bfbc-ea31313dc0e7,0a939815-ada8-4e0d-a03c-819b7916ab8d,21,Other Construction,1973,53,72.08,30
3421126b-d9ba-4770-ba17-c2b7e480450a,0a939815-ada8-4e0d-a03c-819b7916ab8d,22,Special construction2,1996,30,56.99,30
76751b76-85c6-41ec-93a3-1101db11d6e3,6fd8a788-e32b-49c1-a503-5d86e975ab44,1,Foundation,2015,11,73.01,60
9986f82d-e998-4655-be73-55902123dccd,6fd8a788-e32b-49c1-a503-5d86e975ab44,2,Basement,2021,5,66.1,60
6cead73d-4176-4cfc-81ec-5b2c0302430a,6fd8a788-e32b-49c1-a503-5d86e975ab44,3,Superstructure,1987,39,64.35,50
54f5e665-e221-41fa-8538-b04a048d18c8,6fd8a788-e32b-49c1-a503-5d86e975ab44,4,Exterior Structure,1983,43,75.86,40
8e30bb1c-d445-4d59-a09a-1d76d448413f,6fd8a788-e32b-49c1-a503-5d86e975ab44,5,Roofing,1963,63,66.85,20
0df5e8d9-2521-41dd-bc1b-349ac00bff9e,6fd8a788-e32b-49c1-a503-5d86e975ab44,6,Interior Construction,1974,52,51.99,30
8d35c5ee-31db-4c0b-96a1-b2a08b62755f,6fd8a788-e32b-49c1-a503-5d86e975ab44,7,Stairs,1989,37,84.52,40
900a972e-1bc7-4b78-a17e-c68de07959ee,6fd8a788-e32b-49c1-a503-5d86e975ab44,8,Interior Finishes,2003,23,78.92,20
c3e7a9d8-71b6-41b7-9987-074c743f2d00,6fd8a788-e32b-49c1-a503-5d86e975ab44,9,Conveying,2007,19,65.15,10
3a2fb860-dc08-4c5a-98f0-8e617a74be21,6fd8a788-e32b-49c1-a503-5d86e975ab44,10,Plumbing,1968,58,77.38,30
5824015c-fbf1-488a-8e41-7bd01e97a5b5,6fd8a788-e32b-49c1-a503-5d86e975ab44,11,Art,1949,77,61.64,10
e28bd9cb-7201-4d7d-9ef5-23064e008ded,6fd8a788-e32b-49c1-a503-5d86e975ab44,12,HVAC,1989,37,95.12,40
4a132dad-57f8-4a70-87d4-9a80a5cbaa1f,6fd8a788-e32b-49c1-a503-5d86e975ab44,13,Fire Protection,2012,14,51.35,30
a5b04ebe-273f-48b8-8d82-aded7f226bea,6fd8a788-e32b-49c1-a503-5d86e975ab44,14,Electric,1961,65,71.57,40
850ca306-cfb8-4155-b29d-a4ba6d248c50,6fd8a788-e32b-49c1-a503-5d86e975ab44,15,Furnishing,2000,26,71.82,20
beddd69f-5fa4-4a94-a8e1-055fa0d353bf,6fd8a788-e32b-49c1-a503-5d86e975ab44,16,Protection,1989,37,76.13,10
eb0ff88c-ec47-4ec9-9be9-e62c12d82c2f,6fd8a788-e32b-49c1-a503-5d86e975ab44,17,Special construction,1988,38,77.54,10
158a0300-5501-4ba3-a41d-6234b87b0da6,6fd8a788-e32b-49c1-a503-5d86e975ab44,18,Improvements,1982,44,11.03,10
ef87e175-31d9-4bb9-88c2-fec090a9432b,6fd8a788-e32b-49c1-a503-5d86e975ab44,19,Utilities,1991,35,61.67,30
27a445f5-249f-4694-885d-344190caa72e,6fd8a788-e32b-49c1-a503-5d86e975ab44,20,Distribution,1948,78,65.56,30
062b7fd7-6034-46a9-a5f7-c8377af4100c,6fd8a788-e32b-49c1-a503-5d86e975ab44,21,Other Construction,1990,36,58.09,30
803b91d5-c563-4aee-8090-f38c883d132a,6fd8a788-e32b-49c1-a503-5d86e975ab44,22,Special construction2,2015,11,53.4,30
aa8da948-ac70-4520-bdd6-ac100485779f,c4735e5b-fe9d-4e91-a3b8-fb0b786f20e4,1,Foundation,2013,13,65.74,60
07d11948-2aaa-4636-85f1-1fd178415ff5,c4735e5b-fe9d-4e91-a3b8-fb0b786f20e4,3,Superstructure,2016,10,77.42,50
36456667-f637-447d-a448-ca318112ee43,c4735e5b-fe9d-4e91-a3b8-fb0b786f20e4,4,Exterior Structure,1989,37,77.41,40
ff7bf6bb-28b8-4e76-acaa-b34c101a4293,c4735e5b-fe9d-4e91-a3b8-fb0b786f20e4,5,Roofing,2005,21,80.18,20
d78c14ac-c4d9-4a67-aafa-7c711fce2c6a,c4735e5b-fe9d-4e91-a3b8-fb0b786f20e4,6,Interior Construction,1975,51,75.99,30
389b3bb9-112c-45c8-9c7c-5ceeef9019b2,c4735e5b-fe9d-4e91-a3b8-fb0b786f20e4,7,Stairs,1968,58,61.55,40
8909936f-bd22-40b8-923a-a250aa024958,c4735e5b-fe9d-4e91-a3b8-fb0b786f20e4,8,Interior Finishes,2021,5,55.01,20
f48ca371-49f3-43ef-afbc-02aef6b38ff4,c4735e5b-fe9d-4e91-a3b8-fb0b786f20e4,9,Conveying,2016,10,81.78,10
a227ee77-6958-49d5-bdcf-0b6b9386ffc9,c4735e5b-fe9d-4e91-a3b8-fb0b786f20e4,10,Plumbing,1992,34,60.99,30
ae103eeb-50b4-48ce-ad9e-086d9be963d3,c4735e5b-fe9d-4e91-a3b8-fb0b786f20e4,13,Fire Protection,2003,23,73.73,30
ff4e8af6-400d-4198-8356-0bb924f9bc8b,c4735e5b-fe9d-4e91-a3b8-fb0b786f20e4,14,Electric,2026,0,67.12,40
952d5cb1-74fe-470a-9e1d-3181f01880b3,c4735e5b-fe9d-4e91-a3b8-fb0b786f20e4,16,Protection,2009,17,64.14,10
14f11453-e1da-4a1e-a2f7-5aa289fd54de,c4735e5b-fe9d-4e91-a3b8-fb0b786f20e4,18,Improvements,1992,34,74.21,10
83b36e62-3ae4-4427-89fb-a3d239ab641b,c4735e5b-fe9d-4e91-a3b8-fb0b786f20e4,19,Utilities,1998,28,52.65,30
93ee7524-af5a-4761-87ff-d0ea2de691ea,c4735e5b-fe9d-4e91-a3b8-fb0b786f20e4,20,Distribution,1983,43,64.02,30
9363d7b0-2699-4711-bfdc-77fa9c4dd2c1,c4735e5b-fe9d-4e91-a3b8-fb0b786f20e4,21,Other Construction,2011,15,76.52,30
d986e053-3c48-462b-82a7-e52acf4b222c,c4735e5b-fe9d-4e91-a3b8-fb0b786f20e4,22,Special construction2,2000,26,67.0,30
585d699e-dd4a-478d-8835-2bdd7b68672d,2a6eaf04-ceb4-4a7c-81c0-fda2f39d4b1f,1,Foundation,1998,28,71.53,60
66da06e0-bece-467d-aecd-bde73a9eccf4,2a6eaf04-ceb4-4a7c-81c0-fda2f39d4b1f,3,Superstructure,2012,14,83.25,50
c2be7dff-a614-4b60-bde6-dbb9f08ec0fd,2a6eaf04-ceb4-4a7c-81c0-fda2f39d4b1f,4,Exterior Structure,1983,43,66.9,40
4c37615e-ac74-42de-8cf6-767d6b3f663e,2a6eaf04-ceb4-4a7c-81c0-fda2f39d4b1f,5,Roofing,1966,60,83.64,20
60a74d33-cb74-4d71-be1a-9aeffe1aa078,2a6eaf04-ceb4-4a7c-81c0-fda2f39d4b1f,6,Interior Construction,1998,28,74.07,30
d54b78c1-00a9-40ba-a035-743a0be37551,2a6eaf04-ceb4-4a7c-81c0-fda2f39d4b1f,7,Stairs,2019,7,68.63,40
0c37d57d-c27b-48f1-81c2-03b144ae1aed,2a6eaf04-ceb4-4a7c-81c0-fda2f39d4b1f,8,Interior Finishes,1962,64,27.42,20
b8ede9c3-4f22-4c82-87a1-becd591972d4,2a6eaf04-ceb4-4a7c-81c0-fda2f39d4b1f,9,Conveying,1997,29,64.63,10
d9b956b4-f33d-46ce-82b4-072405c77592,2a6eaf04-ceb4-4a7c-81c0-fda2f39d4b1f,10,Plumbing,1971,55,78.85,30
c2fe81e5-19bb-4ec2-a481-cd9fc5d42104,2a6eaf04-ceb4-4a7c-81c0-fda2f39d4b1f,12,HVAC,2025,1,76.8,40
d0bdd2ce-4d2f-4fb1-922a-4d04eb9a1b02,2a6eaf04-ceb4-4a7c-81c0-fda2f39d4b1f,13,Fire Protection,1985,41,60.53,30
fb8883d3-d0fe-42cb-81d0-670f41d4365e,2a6eaf04-ceb4-4a7c-81c0-fda2f39d4b1f,14,Electric,2005,21,55.95,40
6e9c7cab-b493-48c2-b294-79f95676c6d8,2a6eaf04-ceb4-4a7c-81c0-fda2f39d4b1f,15,Furnishing,1999,27,62.04,20
0686a4e9-c8bd-4ca3-b2fa-2f1c84abf4d0,2a6eaf04-ceb4-4a7c-81c0-fda2f39d4b1f,16,Protection,2012,14,60.45,10
280c3a0a-3eb7-4314-8ed3-9cb03c657ef4,2a6eaf04-ceb4-4a7c-81c0-fda2f39d4b1f,17,Special construction,1958,68,73.99,10
f08c309b-150a-4642-9a9d-75c2aad3daf3,2a6eaf04-ceb4-4a7c-81c0-fda2f39d4b1f,18,Improvements,1947,79,56.79,10
67e66a43-b4df-4f57-ade1-bd7f33188e66,2a6eaf04-ceb4-4a7c-81c0-fda2f39d4b1f,19,Utilities,1955,71,51.95,30
155a01dc-f001-4a0a-a608-47f697eda0f5,2a6eaf04-ceb4-4a7c-81c0-fda2f39d4b1f,20,Distribution,2013,13,68.44,30
b61e239f-014b-49ff-8411-83e20b21f380,2a6eaf04-ceb4-4a7c-81c0-fda2f39d4b1f,21,Other Construction,2018,8,67.56,30
08fecb1a-1fa4-4f23-8e75-627c09596c74,2a6eaf04-ceb4-4a7c-81c0-fda2f39d4b1f,22,Special construction2,2019,7,69.59,30
46d513e8-ec4d-44e3-abf8-d74fb1011864,9e37440a-01d0-4f2c-ad16-39f070ba9499,1,Foundation,2010,16,33.79,60
c25a3522-254a-49d7-81e4-3eedd7d9f39f,9e37440a-01d0-4f2c-ad16-39f070ba9499,2,Basement,2012,14,80.42,60
e85e615d-1464-41b9-b593-0f1776b4c0f2,9e37440a-01d0-4f2c-ad16-39f070ba9499,3,Superstructure,1999,27,53.02,50
467edc12-bbea-42eb-bc04-4b3c44079f76,9e37440a-01d0-4f2c-ad16-39f070ba9499,4,Exterior Structure,2005,21,68.57,40
458e98a8-1967-4bbf-b476-4612a178fdc9,9e37440a-01d0-4f2c-ad16-39f070ba9499,5,Roofing,2015,11,52.48,20
214cc57c-e546-40bb-9554-959af800fda4,9e37440a-01d0-4f2c-ad16-39f070ba9499,6,Interior Construction,2003,23,55.96,30
2512ea3b-a268-4a96-b18b-aa152338c6e8,9e37440a-01d0-4f2c-ad16-39f070ba9499,7,Stairs,2023,3,62.11,40
b019bf9a-353c-4eef-8199-0d3144d39f1f,9e37440a-01d0-4f2c-ad16-39f070ba9499,8,Interior Finishes,1990,36,63.47,20
cfe1577d-d067-4a16-aa1d-38ef94d15c68,9e37440a-01d0-4f2c-ad16-39f070ba9499,9,Conveying,1993,33,77.25,10
ba7849b4-2fba-416d-a690-2bef6e748be8,9e37440a-01d0-4f2c-ad16-39f070ba9499,10,Plumbing,1950,76,96.18,30
b61ac8ad-543f-4bd3-b5b6-4a61f2cd0140,9e37440a-01d0-4f2c-ad16-39f070ba9499,11,Art,2006,20,26.1,10
5ceb06dc-d4a9-4ab6-9f47-d030637dae7a,9e37440a-01d0-4f2c-ad16-39f070ba9499,12,HVAC,1995,31,59.13,40
23252ab6-c922-4eda-9f88-6516831953ad,9e37440a-01d0-4f2c-ad16-39f070ba9499,13,Fire Protection,1995,31,79.45,30
c0c7eb8b-ce93-4ccc-9b1d-234ddfd1c232,9e37440a-01d0-4f2c-ad16-39f070ba9499,14,Electric,1997,29,60.57,40
acebbff0-9a44-4482-906a-b20536246522,9e37440a-01d0-4f2c-ad16-39f070ba9499,15,Furnishing,1996,30,63.71,20
53baea71-d729-4b84-b52b-29a0e5ca249f,9e37440a-01d0-4f2c-ad16-39f070ba9499,16,Protection,1972,54,76.67,10
50cbe712-01a0-402a-a97c-32a6ea37b9f7,9e37440a-01d0-4f2c-ad16-39f070ba9499,17,Special construction,1956,70,70.52,10
76763974-5b98-4308-a5a6-69530caa3ce6,9e37440a-01d0-4f2c-ad16-39f070ba9499,18,Improvements,1947,79,71.31,10
6db5ae06-483d-41d0-9901-ba57206a3714,9e37440a-01d0-4f2c-ad16-39f070ba9499,19,Utilities,1991,35,76.82,30
ef768538-b30a-4cf8-aab4-dd83884a7d9c,9e37440a-01d0-4f2c-ad16-39f070ba9499,20,Distribution,1999,27,72.55,30
98e0c2c7-3273-4084-9612-858a905f0552,9e37440a-01d0-4f2c-ad16-39f070ba9499,21,Other Construction,1987,39,51.65,30
c83770ee-c7b8-47d5-b84c-a89b2de708d6,9e37440a-01d0-4f2c-ad16-39f070ba9499,22,Special construction2,1997,29,82.96,30
cd36926e-f834-4ae9-9e1b-e43f007f004b,4cc6187e-6d5d-42f0-b24c-cc310a1bfca9,1,Foundation,2012,14,2.0,60
bae6772f-8c02-4835-9fce-0bb3eae1d94c,4cc6187e-6d5d-42f0-b24c-cc310a1bfca9,2,Basement,1993,33,75.3,60
7dbb6438-129f-41bd-a502-db6525ba087d,4cc6187e-6d5d-42f0-b24c-cc310a1bfca9,3,Superstructure,2011,15,84.91,50
b2edbca9-3198-4062-93ac-9de1742494df,4cc6187e-6d5d-42f0-b24c-cc310a1bfca9,4,Exterior Structure,2008,18,78.52,40
860c7295-dbda-4ccb-b51c-721bb69f1c52,4cc6187e-6d5d-42f0-b24c-cc310a1bfca9,5,Roofing,2001,25,70.9,20
1af96f55-3ba2-401b-8361-26286cb25c63,4cc6187e-6d5d-42f0-b24c-cc310a1bfca9,6,Interior Construction,1971,55,78.79,30
994d0398-859a-41c5-9802-9f2047ebeed7,4cc6187e-6d5d-42f0-b24c-cc310a1bfca9,7,Stairs,1978,48,93.42,40
a20b388b-8fbf-479d-9123-bf87885349d5,4cc6187e-6d5d-42f0-b24c-cc310a1bfca9,8,Interior Finishes,2008,18,86.59,20
0bfaf902-ff75-4926-a502-f489dcfd28cf,4cc6187e-6d5d-42f0-b24c-cc310a1bfca9,9,Conveying,1952,74,62.12,10
f3e0e340-c71e-41dd-a3cc-7ac3bf60f99a,4cc6187e-6d5d-42f0-b24c-cc310a1bfca9,10,Plumbing,2018,8,63.56,30
f0e90afe-9d26-4b59-a4a6-84ed214beaa3,4cc6187e-6d5d-42f0-b24c-cc310a1bfca9,12,HVAC,2003,23,62.86,40
551ade39-06bf-4134-856b-9a03a9364ca7,4cc6187e-6d5d-42f0-b24c-cc310a1bfca9,13,Fire Protection,1948,78,79.13,30
3d61c8a6-039d-434e-aadb-a732d00380b5,4cc6187e-6d5d-42f0-b24c-cc310a1bfca9,14,Electric,2001,25,87.69,40
4820cdb8-8c79-4252-8211-101629fe706e,4cc6187e-6d5d-42f0-b24c-cc310a1bfca9,15,Furnishing,2015,11,2.96,20
f9e9a9a7-85ad-471f-9c57-5a1578685385,4cc6187e-6d5d-42f0-b24c-cc310a1bfca9,16,Protection,2000,26,62.76,10
572ca78f-ea55-40cb-9ccb-2a43ad01628f,4cc6187e-6d5d-42f0-b24c-cc310a1bfca9,17,Special construction,1998,28,89.36,10
c81048e2-185e-4465-8a25-ee0e467c353c,4cc6187e-6d5d-42f0-b24c-cc310a1bfca9,18,Improvements,2014,12,82.9,10
0a2d5d8c-1bd2-496d-882e-23666cc2b113,4cc6187e-6d5d-42f0-b24c-cc310a1bfca9,19,Utilities,1947,79,76.66,30
91dd0b34-0fbf-4c6e-ac5f-250637acc091,4cc6187e-6d5d-42f0-b24c-cc310a1bfca9,20,Distribution,2007,19,51.55,30
88e3f742-d83a-442a-909a-8a8f7c5af8c1,4cc6187e-6d5d-42f0-b24c-cc310a1bfca9,21,Other Construction,1960,66,75.64,30
9bd8f456-d60b-4635-bade-99fbcb08bf22,4cc6187e-6d5d-42f0-b24c-cc310a1bfca9,22,Special construction2,1994,32,54.94,30
ddf13351-7444-4426-818e-dab5fbd5a78d,f8f075c6-a359-4675-9c78-3683976a211e,1,Foundation,2003,23,76.25,60
1004d1e9-9d1c-49fe-9a4e-137224008d29,f8f075c6-a359-4675-9c78-3683976a211e,2,Basement,1998,28,69.6,60
2c8eabf2-f279-4b49-8672-db662969a16b,f8f075c6-a359-4675-9c78-3683976a211e,3,Superstructure,2006,20,75.8,50
2ad3e483-ead8-423c-ba60-e70a1f410bbe,f8f075c6-a359-4675-9c78-3683976a211e,4,Exterior Structure,1996,30,83.25,40
5a693905-f987-4c51-b4a4-5e76ff9a5986,f8f075c6-a359-4675-9c78-3683976a211e,5,Roofing,1979,47,51.0,20
55cf8ff7-c98c-4019-b390-af8df5618286,f8f075c6-a359-4675-9c78-3683976a211e,6,Interior Construction,1950,76,77.98,30
e9fe880e-704a-4a08-a4b7-526a93aa32e7,f8f075c6-a359-4675-9c78-3683976a211e,7,Stairs,2012,14,78.87,40
0e6e38df-67f7-4aad-8b81-f6d5593855c9,f8f075c6-a359-4675-9c78-3683976a211e,8,Interior Finishes,2012,14,81.54,20
4b89647c-a710-4ce4-b045-3f5ea9c36029,f8f075c6-a359-4675-9c78-3683976a211e,9,Conveying,2007,19,65.14,10
a7ab4b87-ff5d-4568-9175-d8b2ba7d4415,f8f075c6-a359-4675-9c78-3683976a211e,10,Plumbing,1994,32,80.76,30
ce051867-6965-43cf-b13d-e7cce47e3140,f8f075c6-a359-4675-9c78-3683976a211e,12,HVAC,1989,37,72.66,40
65c4e9f1-b599-4ab4-85c8-43427df8cbcf,f8f075c6-a359-4675-9c78-3683976a211e,13,Fire Protection,2019,7,68.5,30
a6182073-f67a-48e5-934c-be46d957b1d9,f8f075c6-a359-4675-9c78-3683976a211e,14,Electric,1990,36,56.66,40
e12e2d92-8673-4866-8ebe-45f81cf9a384,f8f075c6-a359-4675-9c78-3683976a211e,15,Furnishing,1989,37,82.33,20
dbed1346-3a21-4bd3-90c6-d7a6e2405245,f8f075c6-a359-4675-9c78-3683976a211e,16,Protection,2008,18,54.25,10
889e5678-5d68-4ec3-89f5-f081585da471,f8f075c6-a359-4675-9c78-3683976a211e,18,Improvements,2025,1,76.89,10
cd7255f4-d570-4266-a70e-06f907187574,f8f075c6-a359-4675-9c78-3683976a211e,19,Utilities,1990,36,76.01,30
0621f364-d715-4404-b4b2-fde12b0555a7,f8f075c6-a359-4675-9c78-3683976a211e,20,Distribution,1998,28,72.31,30
02feb117-25fa-49c6-91d6-ca9d8d2d4f8e,f8f075c6-a359-4675-9c78-3683976a211e,21,Other Construction,1967,59,78.84,30
544f26a9-f324-44e0-ae11-f1d011d98987,f8f075c6-a359-4675-9c78-3683976a211e,22,Special construction2,2004,22,93.31,30
47e9f8e9-e23c-4ed2-a1e3-c5bedc9157b9,9196539c-6b8a-423e-b0f2-5c489b90411a,1,Foundation,1996,30,76.07,60
327c548c-e9d2-48e8-a04c-28d68455b733,9196539c-6b8a-423e-b0f2-5c489b90411a,2,Basement,2025,1,58.02,60
bb7d39cd-7c0c-463d-995a-bda2fc5fc9dc,9196539c-6b8a-423e-b0f2-5c489b90411a,3,Superstructure,2000,26,81.07,50
66f339d2-6d6a-4ad9-9c13-309a89924dba,9196539c-6b8a-423e-b0f2-5c489b90411a,4,Exterior Structure,2014,12,68.95,40
f31880f7-d922-4c17-8bcb-cbe7b0c082ee,9196539c-6b8a-423e-b0f2-5c489b90411a,5,Roofing,1996,30,55.61,20
8327f800-03ef-4955-8aa3-352640ad732b,9196539c-6b8a-423e-b0f2-5c489b90411a,6,Interior Construction,1951,75,70.8,30
6f635824-15db-4bb2-bd66-def057c60338,9196539c-6b8a-423e-b0f2-5c489b90411a,7,Stairs,2007,19,20.17,40
4e371a0d-38cf-4a6f-a77e-4523a028a25f,9196539c-6b8a-423e-b0f2-5c489b90411a,8,Interior Finishes,2011,15,58.24,20
df4c9af4-dcf0-418f-8af6-ba2b620d8a9b,9196539c-6b8a-423e-b0f2-5c489b90411a,9,Conveying,1991,35,67.66,10
77f46155-8b8e-4b06-9a3a-b4c0f99035f1,9196539c-6b8a-423e-b0f2-5c489b90411a,10,Plumbing,2021,5,84.14,30
2fc35630-4a7a-43cf-8e85-0f82936a9840,9196539c-6b8a-423e-b0f2-5c489b90411a,12,HVAC,1948,78,84.88,40
1c24792f-5c9a-4d66-ac59-d31fd0738f54,9196539c-6b8a-423e-b0f2-5c489b90411a,13,Fire Protection,1976,50,79.95,30
08271fbb-1d25-46c0-86c7-45184dc8beac,9196539c-6b8a-423e-b0f2-5c489b90411a,14,Electric,1999,27,51.81,40
cb6e9807-d4c3-4cc4-8a15-4b61e445008a,9196539c-6b8a-423e-b0f2-5c489b90411a,15,Furnishing,1998,28,22.76,20
33a5d156-cfa2-48e5-b5ac-553cbcec93e4,9196539c-6b8a-423e-b0f2-5c489b90411a,16,Protection,2026,0,58.89,10
914eb06b-4eda-42fe-b08f-2a13b5b4c2f9,9196539c-6b8a-423e-b0f2-5c489b90411a,17,Special construction,2026,0,70.77,10
d198113e-0e44-47b6-9fc4-a97343aa90c0,9196539c-6b8a-423e-b0f2-5c489b90411a,18,Improvements,1987,39,83.29,10
04fa9c17-4811-4c2b-9cdb-e16a0704ed04,9196539c-6b8a-423e-b0f2-5c489b90411a,19,Utilities,1974,52,61.41,30
98b28a3a-6602-4769-bf97-246599ace211,9196539c-6b8a-423e-b0f2-5c489b90411a,20,Distribution,1992,34,57.63,30
db89c444-47cd-4465-a614-80225ed6b13a,9196539c-6b8a-423e-b0f2-5c489b90411a,21,Other Construction,2008,18,63.76,30
51830520-d42c-4e9d-a50e-03ed35281034,9196539c-6b8a-423e-b0f2-5c489b90411a,22,Special construction2,2012,14,79.03,30
820f4ea3-b28a-41f3-9368-f74d22bb776d,20fcfc50-433b-4464-ac85-ae4fa451e04c,1,Foundation,1994,32,56.45,60
819703cf-165d-4e6f-97dc-6d3abc9e00f1,20fcfc50-433b-4464-ac85-ae4fa451e04c,2,Basement,2000,26,17.36,60
179cafea-542f-4097-bbe3-ad58bfd68449,20fcfc50-433b-4464-ac85-ae4fa451e04c,3,Superstructure,2005,21,58.13,50
a219f836-4190-4818-a92d-2c12bd52b672,20fcfc50-433b-4464-ac85-ae4fa451e04c,4,Exterior Structure,2013,13,53.21,40
e9c0ee95-d829-414f-bc3a-5e03e5c6066c,20fcfc50-433b-4464-ac85-ae4fa451e04c,5,Roofing,1975,51,68.7,20
a3c890e1-b0e8-48e1-938f-f3d20789ec86,20fcfc50-433b-4464-ac85-ae4fa451e04c,6,Interior Construction,2018,8,50.14,30
dd586637-2059-4ff6-b82d-a7cf648116f2,20fcfc50-433b-4464-ac85-ae4fa451e04c,7,Stairs,1970,56,53.65,40
0a0f145d-6ee8-4e34-8cdf-7386e9364db4,20fcfc50-433b-4464-ac85-ae4fa451e04c,8,Interior Finishes,1980,46,55.11,20
b00f6b7e-30d2-4ab4-ba99-b8baf6cb12a8,20fcfc50-433b-4464-ac85-ae4fa451e04c,9,Conveying,2009,17,75.56,10
88b513fb-9a68-4819-b939-c8776a5d7bbf,20fcfc50-433b-4464-ac85-ae4fa451e04c,10,Plumbing,2009,17,81.27,30
1830b3f4-7978-403d-a046-5c446b505278,20fcfc50-433b-4464-ac85-ae4fa451e04c,11,Art,1993,33,99.65,10
231437ef-9922-4f65-8323-61f949e2b2ec,20fcfc50-433b-4464-ac85-ae4fa451e04c,12,HVAC,2012,14,50.15,40
7b022e2a-e340-42b5-b853-286691ab6b8e,20fcfc50-433b-4464-ac85-ae4fa451e04c,13,Fire Protection,2002,24,66.67,30
78c174e4-004f-46d5-936d-4dfbcd7565f5,20fcfc50-433b-4464-ac85-ae4fa451e04c,14,Electric,1995,31,71.86,40
fbcd12c5-4317-4450-996d-6f9762d1b61c,20fcfc50-433b-4464-ac85-ae4fa451e04c,15,Furnishing,1992,34,74.91,20
488da57f-d4eb-4afc-8c59-a74d66ae9ac8,20fcfc50-433b-4464-ac85-ae4fa451e04c,16,Protection,1999,27,67.38,10
400c3f2a-395c-4b3f-b0ba-bca073db3802,20fcfc50-433b-4464-ac85-ae4fa451e04c,18,Improvements,2000,26,64.15,10
9d6ecdf8-e52d-44de-8403-8a69a2ed9147,20fcfc50-433b-4464-ac85-ae4fa451e04c,19,Utilities,1995,31,30.3,30
2edcf764-35e8-4a76-bcd4-d46fdc066a68,20fcfc50-433b-4464-ac85-ae4fa451e04c,20,Distribution,2006,20,54.58,30
a0234044-57b6-4713-8e5d-f3202c704414,20fcfc50-433b-4464-ac85-ae4fa451e04c,21,Other Construction,1954,72,54.75,30
679ea2d5-905a-43ff-878d-439aa3830c0d,20fcfc50-433b-4464-ac85-ae4fa451e04c,22,Special construction2,1967,59,83.42,30
7a2960d2-fdfb-4b36-aa10-849c9b4e63cb,f86a0066-fbd8-4157-8d5e-c37f4f293e1a,1,Foundation,2000,26,71.98,60
23fe4923-075a-43d1-b6fb-5b60766651ba,f86a0066-fbd8-4157-8d5e-c37f4f293e1a,2,Basement,2011,15,80.61,60
6e549643-6b8c-437a-8c1e-ed2c1fed9104,f86a0066-fbd8-4157-8d5e-c37f4f293e1a,3,Superstructure,2007,19,79.45,50
8fd002eb-b7ae-4277-b3d3-bf889d6a2e54,f86a0066-fbd8-4157-8d5e-c37f4f293e1a,4,Exterior Structure,2012,14,66.52,40
523f3a35-9baf-443d-bff1-34bbb1ee2fc1,f86a0066-fbd8-4157-8d5e-c37f4f293e1a,5,Roofing,2024,2,73.35,20
c41b4c1d-5597-4873-ba4b-55aea9fa78e2,f86a0066-fbd8-4157-8d5e-c37f4f293e1a,6,Interior Construction,1995,31,67.3,30
228f3e71-1f01-4b79-a479-07d8629337a4,f86a0066-fbd8-4157-8d5e-c37f4f293e1a,7,Stairs,1996,30,62.06,40
e29a9ba7-3b73-47cb-a3f1-7c9b5de7723f,f86a0066-fbd8-4157-8d5e-c37f4f293e1a,8,Interior Finishes,1991,35,66.62,20
b2d95876-6fec-4e58-9b58-c16b723e18d4,f86a0066-fbd8-4157-8d5e-c37f4f293e1a,9,Conveying,2023,3,89.91,10
d91ce3de-1f35-4b93-b3c2-51abcf53cf4e,f86a0066-fbd8-4157-8d5e-c37f4f293e1a,10,Plumbing,1989,37,85.42,30
25b2430d-ed85-4014-88c4-a55fe0f50786,f86a0066-fbd8-4157-8d5e-c37f4f293e1a,12,HVAC,1980,46,73.42,40
f38c7c4f-ab9a-452e-b36c-41891a6649a3,f86a0066-fbd8-4157-8d5e-c37f4f293e1a,13,Fire Protection,2015,11,19.66,30
8bee8119-6121-4aae-a090-2e2ace89231d,f86a0066-fbd8-4157-8d5e-c37f4f293e1a,14,Electric,1987,39,52.41,40
319f165a-27bf-4575-ba01-d7ed7af075ac,f86a0066-fbd8-4157-8d5e-c37f4f293e1a,15,Furnishing,2003,23,53.09,20
c16a1f8c-f89e-4f3b-a1d3-ff6995e3aa2a,f86a0066-fbd8-4157-8d5e-c37f4f293e1a,16,Protection,1963,63,78.45,10
0abf815e-976d-44e4-a373-f32c58f53525,f86a0066-fbd8-4157-8d5e-c37f4f293e1a,18,Improvements,1995,31,65.81,10
5fa1028d-9bc4-4592-8ed1-927a6e5a0dfb,f86a0066-fbd8-4157-8d5e-c37f4f293e1a,19,Utilities,1996,30,60.24,30
4759f3e7-2ece-4c7b-9399-aad2b8bb7c8f,f86a0066-fbd8-4157-8d5e-c37f4f293e1a,20,Distribution,1963,63,62.88,30
e70bfe5d-9cba-42c4-b2e5-39059be31734,f86a0066-fbd8-4157-8d5e-c37f4f293e1a,21,Other Construction,1988,38,83.04,30
5076382c-1b68-4002-a467-9486ea222345,f86a0066-fbd8-4157-8d5e-c37f4f293e1a,22,Special construction2,2024,2,92.71,30
22f5b799-1e9c-4e18-b278-7d1cd131746a,09e8eb00-023e-40bf-a941-d79b6354d868,1,Foundation,1995,31,62.94,60
5b202468-aeb1-48f9-9111-12a846b15f31,09e8eb00-023e-40bf-a941-d79b6354d868,2,Basement,1990,36,50.2,60
dfb329a6-d5a8-418d-a6f1-d49257bf6fdb,09e8eb00-023e-40bf-a941-d79b6354d868,3,Superstructure,2000,26,62.0,50
7d53a333-e7d0-4567-88f4-d7f8d3d08751,09e8eb00-023e-40bf-a941-d79b6354d868,4,Exterior Structure,1988,38,57.79,40
12ce80f2-4a6d-43ee-8094-4098fde094c1,09e8eb00-023e-40bf-a941-d79b6354d868,5,Roofing,2003,23,78.58,20
f80ee2e6-1e11-4e5c-abfe-65fd6bdbf30d,09e8eb00-023e-40bf-a941-d79b6354d868,6,Interior Construction,1997,29,65.96,30
cd2ab7a4-e203-4615-b5ac-bbad0c777182,09e8eb00-023e-40bf-a941-d79b6354d868,7,Stairs,1960,66,52.01,40
b3fccb3f-039b-4a22-a849-8c8e31fa467e,09e8eb00-023e-40bf-a941-d79b6354d868,8,Interior Finishes,2014,12,79.8,20
05f6b859-4747-45a5-9d85-6a9a1f5c1006,09e8eb00-023e-40bf-a941-d79b6354d868,9,Conveying,1992,34,83.31,10
1f98a6f5-44e4-4d43-996f-9f7a51b5c853,09e8eb00-023e-40bf-a941-d79b6354d868,10,Plumbing,1981,45,52.15,30
9786d2b6-532d-46aa-a164-1cf21075d58b,09e8eb00-023e-40bf-a941-d79b6354d868,12,HVAC,1991,35,11.48,40
a181d940-bca6-44ee-b845-723971199f96,09e8eb00-023e-40bf-a941-d79b6354d868,13,Fire Protection,1990,36,56.66,30
7bbc6148-49fd-43be-98fc-46e92f4bc79f,09e8eb00-023e-40bf-a941-d79b6354d868,14,Electric,2026,0,73.63,40
63e4e5a5-0168-46ad-9d33-6cb6e1c84aa2,09e8eb00-023e-40bf-a941-d79b6354d868,15,Furnishing,1990,36,49.32,20
0f5eb6cd-0227-4c79-bcd6-f08172c64d4b,09e8eb00-023e-40bf-a941-d79b6354d868,16,Protection,1957,69,73.27,10
3fca5ab5-ff00-43d6-9d05-49fbbda41929,09e8eb00-023e-40bf-a941-d79b6354d868,17,Special construction,1998,28,45.15,10
ab9bcb60-e939-4fd1-b4cc-7b4c706add73,09e8eb00-023e-40bf-a941-d79b6354d868,18,Improvements,2009,17,58.23,10
9496cb05-3ef6-48fd-a5cb-5f5606b19195,09e8eb00-023e-40bf-a941-d79b6354d868,19,Utilities,1995,31,72.45,30
298f3ec1-78ee-4058-9cdc-53a79b2d4b2e,09e8eb00-023e-40bf-a941-d79b6354d868,20,Distribution,1995,31,60.39,30
d1513269-3e71-420a-a13a-0c7d5f448d69,09e8eb00-023e-40bf-a941-d79b6354d868,21,Other Construction,2011,15,70.43,30
a2e45afc-aa8a-426c-a41e-94f107aba2d8,09e8eb00-023e-40bf-a941-d79b6354d868,22,Special construction2,2020,6,70.67,30
8941d225-b8ad-464d-84a1-a21587bf1108,f1676cc0-e11b-4104-a4f7-9d0423937f51,1,Foundation,1996,30,79.14,60
6d9a3c53-0c67-4004-95be-82888763dfb4,f1676cc0-e11b-4104-a4f7-9d0423937f51,3,Superstructure,2004,22,53.38,50
31880966-8e27-424f-a390-4cd351dc6e25,f1676cc0-e11b-4104-a4f7-9d0423937f51,4,Exterior Structure,1949,77,61.82,40
301ef7b4-277c-4c61-b568-56ab5943fd53,f1676cc0-e11b-4104-a4f7-9d0423937f51,5,Roofing,1994,32,79.24,20
de023bef-61bf-4f80-923a-1e583a289e15,f1676cc0-e11b-4104-a4f7-9d0423937f51,6,Interior Construction,1957,69,60.5,30
d3fdf623-f732-4ead-b3e1-1285054a4c15,f1676cc0-e11b-4104-a4f7-9d0423937f51,7,Stairs,2000,26,80.27,40
e91a4985-ec9f-4fca-91a2-68f138d76942,f1676cc0-e11b-4104-a4f7-9d0423937f51,8,Interior Finishes,2014,12,60.58,20
64d61f0c-5628-4a79-83be-3147fa7b2842,f1676cc0-e11b-4104-a4f7-9d0423937f51,9,Conveying,2009,17,74.46,10
6143cc79-0f70-4dcc-a20f-9e7c846d3731,f1676cc0-e11b-4104-a4f7-9d0423937f51,10,Plumbing,1977,49,4.02,30
4162303e-b5da-434d-a443-2a270868befa,f1676cc0-e11b-4104-a4f7-9d0423937f51,11,Art,1957,69,61.48,10
5676c51e-b609-49f2-954d-06b0cc037025,f1676cc0-e11b-4104-a4f7-9d0423937f51,12,HVAC,2021,5,53.05,40
89b7452a-3eec-4e99-8272-911ada69ab3b,f1676cc0-e11b-4104-a4f7-9d0423937f51,13,Fire Protection,2005,21,69.69,30
6b359891-2efd-497c-a374-8c1be8bb699c,f1676cc0-e11b-4104-a4f7-9d0423937f51,14,Electric,1992,34,68.74,40
85f95e45-2523-495b-96ad-d6cda366b39e,f1676cc0-e11b-4104-a4f7-9d0423937f51,15,Furnishing,1984,42,18.39,20
080a7f5c-1bd6-46ca-9835-9820ac84206d,f1676cc0-e11b-4104-a4f7-9d0423937f51,16,Protection,2009,17,82.22,10
614f3036-e6bb-4bab-8f3a-6045c50b74b0,f1676cc0-e11b-4104-a4f7-9d0423937f51,17,Special construction,1993,33,74.06,10
d4e700e8-48f1-4f05-8a92-2e511dd68053,f1676cc0-e11b-4104-a4f7-9d0423937f51,18,Improvements,1996,30,98.46,10
97359a22-3c9f-43a9-b7be-19394e8f23ad,f1676cc0-e11b-4104-a4f7-9d0423937f51,19,Utilities,1989,37,52.13,30
b7289734-cba1-43f9-9f7b-d19fbf93bea0,f1676cc0-e11b-4104-a4f7-9d0423937f51,20,Distribution,1983,43,81.34,30
79a45aa1-a5a7-47b5-a910-451fa0c514f3,f1676cc0-e11b-4104-a4f7-9d0423937f51,21,Other Construction,2014,12,70.83,30
eae68a97-3151-4862-bca3-798c16235e79,f1676cc0-e11b-4104-a4f7-9d0423937f51,22,Special construction2,2004,22,7.29,30
3bf58d3c-0747-4e53-b294-1de65753e985,3f77a063-b1be-40ad-97f6-ba17fc8d24dc,1,Foundation,2013,13,82.17,60
74f64802-ec62-4995-bf79-1179f84df6b2,3f77a063-b1be-40ad-97f6-ba17fc8d24dc,3,Superstructure,1989,37,52.92,50
08549381-7b79-4a5d-992e-96706d667e35,3f77a063-b1be-40ad-97f6-ba17fc8d24dc,4,Exterior Structure,1988,38,87.72,40
05545189-c2bf-445f-b945-ebcd20d0cc86,3f77a063-b1be-40ad-97f6-ba17fc8d24dc,5,Roofing,2020,6,79.38,20
80ef7ef0-3081-46ac-aac2-39ae1d512a1b,3f77a063-b1be-40ad-97f6-ba17fc8d24dc,8,Interior Finishes,1987,39,70.48,20
9935a41c-a181-4cae-ba45-979395b2a061,3f77a063-b1be-40ad-97f6-ba17fc8d24dc,9,Conveying,1967,59,60.85,10
916fa16b-66c6-49ab-a792-d6683e9885ff,3f77a063-b1be-40ad-97f6-ba17fc8d24dc,10,Plumbing,2009,17,68.97,30
f705affc-ce49-44d5-9574-d367f67ac42b,3f77a063-b1be-40ad-97f6-ba17fc8d24dc,12,HVAC,1967,59,78.15,40
720ef9f9-5a72-4dfd-b17b-99f9ee62a41c,3f77a063-b1be-40ad-97f6-ba17fc8d24dc,13,Fire Protection,2019,7,50.77,30
045b31e3-40a7-49ff-8229-5c39a588bd46,3f77a063-b1be-40ad-97f6-ba17fc8d24dc,14,Electric,1990,36,59.87,40
d39dc779-4ea9-48f0-8408-6d7a2726e1f6,3f77a063-b1be-40ad-97f6-ba17fc8d24dc,15,Furnishing,2004,22,82.36,20
cd262dc6-2698-4f2d-9409-88cd54c21e4b,3f77a063-b1be-40ad-97f6-ba17fc8d24dc,16,Protection,1988,38,57.61,10
88311d5d-9c01-46b5-9070-280be1f8061c,3f77a063-b1be-40ad-97f6-ba17fc8d24dc,18,Improvements,1950,76,80.29,10
f20c9c30-e499-417c-a27e-d7458e7209f8,3f77a063-b1be-40ad-97f6-ba17fc8d24dc,19,Utilities,1966,60,56.33,30
d2610621-5958-4efc-862a-a5d63b3ddb4e,3f77a063-b1be-40ad-97f6-ba17fc8d24dc,20,Distribution,1971,55,83.52,30
249b5355-7cb2-474c-88d4-62f1b5813e6a,3f77a063-b1be-40ad-97f6-ba17fc8d24dc,21,Other Construction,2008,18,82.11,30
d19fac2d-023f-4330-a33b-6e2cc4b2de57,3f77a063-b1be-40ad-97f6-ba17fc8d24dc,22,Special construction2,1990,36,53.09,30
2cec33e3-3b11-4cca-bdfc-e26e02609e41,83f199ba-9bae-49c4-ba2d-b4e2984a4146,1,Foundation,2002,24,57.12,60
8142c688-f0e2-4159-b690-fe55e4479dd5,83f199ba-9bae-49c4-ba2d-b4e2984a4146,3,Superstructure,2006,20,60.75,50
54900f42-c3ec-4e39-9953-6d5c8821224d,83f199ba-9bae-49c4-ba2d-b4e2984a4146,4,Exterior Structure,1983,43,94.41,40
62961537-4404-404c-a905-20e032a68674,83f199ba-9bae-49c4-ba2d-b4e2984a4146,5,Roofing,2014,12,80.66,20
df20358b-94d1-4393-92fa-c70e4e7c0722,83f199ba-9bae-49c4-ba2d-b4e2984a4146,6,Interior Construction,1958,68,54.8,30
c9603d38-e21d-4436-bee7-ae1ae4010470,83f199ba-9bae-49c4-ba2d-b4e2984a4146,7,Stairs,2021,5,53.76,40
8a911952-bca0-4a93-be37-cc15fd8a7e9a,83f199ba-9bae-49c4-ba2d-b4e2984a4146,8,Interior Finishes,2003,23,65.5,20
59185c63-3243-43fe-a9a8-d723ace0495e,83f199ba-9bae-49c4-ba2d-b4e2984a4146,9,Conveying,2003,23,68.19,10
4b9ae325-d485-42ca-b672-2bc7edb55a1c,83f199ba-9bae-49c4-ba2d-b4e2984a4146,10,Plumbing,1991,35,65.03,30
e6a5885d-89ec-42a5-989a-6fc2c7f177c1,83f199ba-9bae-49c4-ba2d-b4e2984a4146,13,Fire Protection,1993,33,68.48,30
4e5246dc-2ccd-44a6-a72c-292ce020681f,83f199ba-9bae-49c4-ba2d-b4e2984a4146,18,Improvements,1999,27,63.44,10
8198174a-1eba-47d7-832a-ffaec2b6a261,b234f240-20cd-4444-b3da-6554d574289f,1,Foundation,1959,67,58.83,60
f406a347-846a-45eb-9a1d-0a8a6bd16dfd,b234f240-20cd-4444-b3da-6554d574289f,3,Superstructure,1995,31,64.69,50
baa75294-504c-4918-bde4-e24eda512e79,b234f240-20cd-4444-b3da-6554d574289f,4,Exterior Structure,1953,73,76.55,40
b7daf214-c348-45c8-ac9e-b0a36c41c991,b234f240-20cd-4444-b3da-6554d574289f,5,Roofing,2014,12,78.56,20
02a6760f-9253-432f-815b-61ca52d357f2,b234f240-20cd-4444-b3da-6554d574289f,6,Interior Construction,1991,35,57.01,30
0f3fa54e-9974-454e-8590-eb8cd056cd6e,b234f240-20cd-4444-b3da-6554d574289f,7,Stairs,2005,21,77.63,40
d7bf10a6-9b58-4121-b174-bd26341318d3,b234f240-20cd-4444-b3da-6554d574289f,8,Interior Finishes,2007,19,58.37,20
ac3de95f-b770-4fcd-b5f6-4091c960cffc,b234f240-20cd-4444-b3da-6554d574289f,9,Conveying,2011,15,58.29,10
77a39e8f-b8bf-4336-b2eb-2dc7d2c84b7e,b234f240-20cd-4444-b3da-6554d574289f,10,Plumbing,1947,79,53.05,30
5bf75883-4e45-4834-a7da-15a9f6c4591a,b234f240-20cd-4444-b3da-6554d574289f,12,HVAC,2012,14,85.38,40
e3602ae9-6f61-4241-a030-ed5c1dda5884,b234f240-20cd-4444-b3da-6554d574289f,13,Fire Protection,1979,47,67.83,30
65e64485-ad2d-4600-a6e9-516d2cfb64c3,b234f240-20cd-4444-b3da-6554d574289f,14,Electric,2011,15,78.27,40
b5e4a879-8eac-43cb-bbc5-d8a385e1c7a8,b234f240-20cd-4444-b3da-6554d574289f,15,Furnishing,1992,34,92.22,20
b7986388-a0e7-4578-819d-d3f9aa82033b,b234f240-20cd-4444-b3da-6554d574289f,16,Protection,2008,18,54.38,10
dbfb8b29-826d-4a96-86b5-ef2fdb78ebbc,b234f240-20cd-4444-b3da-6554d574289f,18,Improvements,1987,39,70.61,10
7f596b3f-2f3b-4281-9d79-a9f82f8878fa,b234f240-20cd-4444-b3da-6554d574289f,19,Utilities,2014,12,43.77,30
bb22b8b9-3f60-49fc-88d4-4e618b7fb8ef,b234f240-20cd-4444-b3da-6554d574289f,20,Distribution,1975,51,71.21,30
96eb7723-1ca6-4631-858c-e017e363404c,b234f240-20cd-4444-b3da-6554d574289f,21,Other Construction,1998,28,81.88,30
3ce40c50-9427-41ba-b17e-b5d14a6d17d9,b234f240-20cd-4444-b3da-6554d574289f,22,Special construction2,1959,67,99.36,30
bf3eb7d3-2e62-4161-9e4e-49851a738188,29579e42-359c-451f-98bf-e34a2a06cb8c,1,Foundation,2006,20,51.97,60
bef04f9c-f315-4761-88b5-c76b5942e275,29579e42-359c-451f-98bf-e34a2a06cb8c,2,Basement,1998,28,55.42,60
33b2620f-a92a-4599-a9db-079920aa88a6,29579e42-359c-451f-98bf-e34a2a06cb8c,3,Superstructure,2002,24,82.74,50
e70b9404-c7e3-479c-bf5c-8ada7b7c28a2,29579e42-359c-451f-98bf-e34a2a06cb8c,4,Exterior Structure,2001,25,52.45,40
ead3efaa-3cc4-490d-8227-2944ad3dd3c2,29579e42-359c-451f-98bf-e34a2a06cb8c,5,Roofing,1987,39,83.49,20
ab8ef94d-be17-4e88-87f5-3544cd480c58,29579e42-359c-451f-98bf-e34a2a06cb8c,6,Interior Construction,1996,30,14.29,30
bcfa387c-8d69-4e99-9a61-0d7352881e83,29579e42-359c-451f-98bf-e34a2a06cb8c,7,Stairs,1964,62,53.23,40
19106f6f-3d54-4db7-943f-015d246890dc,29579e42-359c-451f-98bf-e34a2a06cb8c,8,Interior Finishes,2014,12,97.98,20
d0001c9a-5077-433c-a58e-538be82f5e02,29579e42-359c-451f-98bf-e34a2a06cb8c,9,Conveying,2008,18,54.21,10
6c3e497b-9675-4b1e-a7e4-9f363ee777e9,29579e42-359c-451f-98bf-e34a2a06cb8c,10,Plumbing,1993,33,56.44,30
19b4117e-34fa-4c0b-b2d3-9c28e6af6787,29579e42-359c-451f-98bf-e34a2a06cb8c,12,HVAC,2010,16,53.63,40
e26f0563-2043-4251-a9d3-1099469c1695,29579e42-359c-451f-98bf-e34a2a06cb8c,13,Fire Protection,2006,20,77.2,30
82c1bd71-1d85-4137-8e45-b90e92b9ce03,29579e42-359c-451f-98bf-e34a2a06cb8c,14,Electric,2006,20,73.27,40
1c702ba0-f607-4187-bd1b-8f8a72b63225,29579e42-359c-451f-98bf-e34a2a06cb8c,15,Furnishing,2011,15,86.78,20
47283b40-4ebf-4428-8f86-16c021700639,29579e42-359c-451f-98bf-e34a2a06cb8c,16,Protection,1999,27,50.12,10
c0cdd5d3-163e-4f07-a1f8-af66cfa097da,29579e42-359c-451f-98bf-e34a2a06cb8c,17,Special construction,1993,33,52.67,10
27358df5-f98e-4126-8d2a-a68e42579470,29579e42-359c-451f-98bf-e34a2a06cb8c,18,Improvements,1996,30,40.7,10
f467ab52-b41b-4f70-aaeb-4ff2202507f6,29579e42-359c-451f-98bf-e34a2a06cb8c,19,Utilities,2006,20,76.9,30
4b4f0223-daf9-41db-915a-bffc9b89e814,29579e42-359c-451f-98bf-e34a2a06cb8c,20,Distribution,2014,12,60.05,30
ecdb8513-d389-4d3a-b506-31c6e42925bd,29579e42-359c-451f-98bf-e34a2a06cb8c,21,Other Construction,1990,36,85.49,30
022a4d19-214b-4d98-8621-24e635356972,29579e42-359c-451f-98bf-e34a2a06cb8c,22,Special construction2,2006,20,71.89,30
81237ac1-09d0-47e0-b02c-1c44c976e0c2,dece0a2e-5c2b-4e0b-b5c3-e20877ad4f1e,1,Foundation,2009,17,62.81,60
3b080ecd-4971-43c7-b297-6968064e0f76,dece0a2e-5c2b-4e0b-b5c3-e20877ad4f1e,2,Basement,2006,20,67.12,60
16c9da6f-9847-4127-a2da-1ba640750d69,dece0a2e-5c2b-4e0b-b5c3-e20877ad4f1e,3,Superstructure,1973,53,53.19,50
bd505b84-9ab0-4924-8d27-9cbb6e71413f,dece0a2e-5c2b-4e0b-b5c3-e20877ad4f1e,4,Exterior Structure,2008,18,75.4,40
156275b2-92e0-4ef5-bacf-26b40e562259,dece0a2e-5c2b-4e0b-b5c3-e20877ad4f1e,5,Roofing,2011,15,60.37,20
36160af4-c239-457c-8bbe-bd9dce91a113,dece0a2e-5c2b-4e0b-b5c3-e20877ad4f1e,6,Interior Construction,1948,78,99.6,30
1c3961c3-d276-4e1f-b87c-c6e5d65f90e6,dece0a2e-5c2b-4e0b-b5c3-e20877ad4f1e,7,Stairs,2015,11,53.65,40
e3c669cb-3251-455d-ad51-efcc95b03ed8,dece0a2e-5c2b-4e0b-b5c3-e20877ad4f1e,8,Interior Finishes,2020,6,64.94,20
2f786828-e30d-42ac-88b5-08554a8f6530,dece0a2e-5c2b-4e0b-b5c3-e20877ad4f1e,9,Conveying,1950,76,60.12,10
d85a725d-a753-4900-813c-0ae393d2d88c,dece0a2e-5c2b-4e0b-b5c3-e20877ad4f1e,10,Plumbing,2025,1,81.6,30
fe1daa9f-e2dd-419a-b441-39707c441df4,dece0a2e-5c2b-4e0b-b5c3-e20877ad4f1e,12,HVAC,1962,64,57.91,40
37314e57-4b12-44d8-92cd-8976ab4c7f46,dece0a2e-5c2b-4e0b-b5c3-e20877ad4f1e,13,Fire Protection,2012,14,50.21,30
be3a098a-fbda-4a9c-b949-fd83610fa0c5,dece0a2e-5c2b-4e0b-b5c3-e20877ad4f1e,14,Electric,1977,49,55.13,40
5f23b0ba-8736-458b-b904-0bf32bc7dd9b,dece0a2e-5c2b-4e0b-b5c3-e20877ad4f1e,15,Furnishing,1991,35,71.86,20
aa8600bc-f667-49df-8894-f92525291ccf,dece0a2e-5c2b-4e0b-b5c3-e20877ad4f1e,16,Protection,1992,34,81.44,10
52c97859-b181-4041-b903-e40d587fe315,dece0a2e-5c2b-4e0b-b5c3-e20877ad4f1e,18,Improvements,2026,0,55.32,10
0661ad9d-44ea-47d2-a6a1-47f1d8a2db48,dece0a2e-5c2b-4e0b-b5c3-e20877ad4f1e,19,Utilities,1964,62,72.22,30
47357d19-e68c-4f81-8aef-2211faaf689f,dece0a2e-5c2b-4e0b-b5c3-e20877ad4f1e,20,Distribution,2013,13,50.57,30
801cc730-5cfd-4a33-a716-dd026f947602,dece0a2e-5c2b-4e0b-b5c3-e20877ad4f1e,21,Other Construction,1995,31,32.64,30
c7288cc4-13a7-4a3e-9e0c-761b0c90fa6c,dece0a2e-5c2b-4e0b-b5c3-e20877ad4f1e,22,Special construction2,2001,25,67.42,30
ff103940-20b2-4a0e-b7ec-74b7c65452eb,5bb12707-c1f0-4218-8eb5-fdfdbfd43e15,1,Foundation,1987,39,81.41,60
d040b34b-1a3e-4858-8e49-fa07e623555e,5bb12707-c1f0-4218-8eb5-fdfdbfd43e15,3,Superstructure,1980,46,75.27,50
8bd34a42-ac0d-4117-aa9e-d2122a13345a,5bb12707-c1f0-4218-8eb5-fdfdbfd43e15,4,Exterior Structure,1954,72,73.97,40
b137765b-d8ca-4b7d-a525-19518bf977b4,5bb12707-c1f0-4218-8eb5-fdfdbfd43e15,5,Roofing,2001,25,51.74,20
518d0cde-4758-41ab-92e5-2fb0f8429bb8,5bb12707-c1f0-4218-8eb5-fdfdbfd43e15,6,Interior Construction,1994,32,51.36,30
97286b2a-9bfe-4c50-8dde-53ed5f7c3631,5bb12707-c1f0-4218-8eb5-fdfdbfd43e15,7,Stairs,2009,17,78.85,40
759b6492-3bb8-48d9-b63e-aea2bce8da5a,5bb12707-c1f0-4218-8eb5-fdfdbfd43e15,8,Interior Finishes,1998,28,63.08,20
36e96c41-e4d6-45c0-81af-f143765a31bc,5bb12707-c1f0-4218-8eb5-fdfdbfd43e15,9,Conveying,2008,18,89.55,10
914a7c9b-87f8-4267-8a9c-d7e6c4ca3b60,5bb12707-c1f0-4218-8eb5-fdfdbfd43e15,10,Plumbing,1992,34,50.77,30
0b255e8c-a30a-4f71-b272-74ee8b8a614a,5bb12707-c1f0-4218-8eb5-fdfdbfd43e15,12,HVAC,2006,20,54.51,40
fe3e30df-8a88-4ff1-ad14-4ac903c21e45,5bb12707-c1f0-4218-8eb5-fdfdbfd43e15,13,Fire Protection,1997,29,54.93,30
0491029e-fcb5-4351-a9d9-19d168cba905,5bb12707-c1f0-4218-8eb5-fdfdbfd43e15,14,Electric,1992,34,62.48,40
db78f5bb-6e46-40d1-b825-2108a8f34086,5bb12707-c1f0-4218-8eb5-fdfdbfd43e15,15,Furnishing,1983,43,70.78,20
fcec7e46-bcd9-4fed-a1db-f0b31b73563b,5bb12707-c1f0-4218-8eb5-fdfdbfd43e15,16,Protection,1992,34,70.78,10
0aafcdce-9e77-4d9e-ba53-6fc037780111,5bb12707-c1f0-4218-8eb5-fdfdbfd43e15,18,Improvements,1990,36,55.6,10
30072dd0-5829-4310-920f-8818c297aa18,5bb12707-c1f0-4218-8eb5-fdfdbfd43e15,19,Utilities,2008,18,30.58,30
f6ea5156-2f87-4dd8-8ad2-08a3478c396f,5bb12707-c1f0-4218-8eb5-fdfdbfd43e15,20,Distribution,2005,21,72.4,30
9494eb80-5132-415a-a76a-5fb9ae3ed979,5bb12707-c1f0-4218-8eb5-fdfdbfd43e15,21,Other Construction,1999,27,72.23,30
e2f23cc7-ea2e-47b6-a5ab-0d948d22a88d,5bb12707-c1f0-4218-8eb5-fdfdbfd43e15,22,Special construction2,2013,13,51.1,30
7051c8c4-5eae-4b54-bad9-0365708902b2,099377eb-3440-4850-bb84-a3987717e106,1,Foundation,1998,28,55.71,60
fd377282-a7d7-4949-ac59-1b7521506973,099377eb-3440-4850-bb84-a3987717e106,2,Basement,2008,18,82.71,60
43b7ccd0-1d2c-4835-b717-1b1e473c9fdc,099377eb-3440-4850-bb84-a3987717e106,3,Superstructure,1974,52,82.87,50
58bbf7fc-9d13-4d1d-a2ae-47a532af00ba,099377eb-3440-4850-bb84-a3987717e106,4,Exterior Structure,2008,18,67.67,40
5f1c8131-153c-43a7-b625-76dc86257320,099377eb-3440-4850-bb84-a3987717e106,5,Roofing,1987,39,52.84,20
92e480a5-f505-4d1d-ba88-912bc1bba5b5,099377eb-3440-4850-bb84-a3987717e106,6,Interior Construction,2000,26,65.19,30
c4513af7-65dc-4e45-9129-2c699dc87f99,099377eb-3440-4850-bb84-a3987717e106,7,Stairs,1997,29,81.88,40
d33446c6-2454-4a07-9ca4-6159bb00e64a,099377eb-3440-4850-bb84-a3987717e106,8,Interior Finishes,1972,54,76.11,20
7a9e8a86-4864-4936-a4c6-89c1aefec458,099377eb-3440-4850-bb84-a3987717e106,9,Conveying,2022,4,70.33,10
ab18eec2-3c9e-44a1-84ea-0ef28c00e891,099377eb-3440-4850-bb84-a3987717e106,10,Plumbing,1988,38,51.27,30
67cbd6ce-09f8-4c07-87f7-5c1900c9885d,099377eb-3440-4850-bb84-a3987717e106,12,HVAC,1964,62,89.3,40
58a51d02-f313-44d6-a53d-7b8ce1bfd5e4,099377eb-3440-4850-bb84-a3987717e106,13,Fire Protection,2024,2,76.37,30
7367f513-26c3-434a-935b-9f32824de83e,099377eb-3440-4850-bb84-a3987717e106,14,Electric,1996,30,83.88,40
3969b29d-c3b9-4ed6-9634-fce7bfdb122a,099377eb-3440-4850-bb84-a3987717e106,15,Furnishing,2001,25,35.59,20
aab27cd9-073f-4719-b2a7-5371e01cc47a,099377eb-3440-4850-bb84-a3987717e106,16,Protection,2012,14,99.95,10
e6bfe872-bf3f-48c8-930f-662d3d6eec07,099377eb-3440-4850-bb84-a3987717e106,18,Improvements,2006,20,72.5,10
dec6c5cf-c548-4795-88ad-4e40214b8b27,099377eb-3440-4850-bb84-a3987717e106,19,Utilities,1969,57,79.95,30
35750294-1864-4f02-b43e-5d35662949d1,099377eb-3440-4850-bb84-a3987717e106,20,Distribution,2013,13,59.55,30
2efa51c8-7a03-4375-a588-22ce520eb38c,099377eb-3440-4850-bb84-a3987717e106,21,Other Construction,2010,16,84.82,30
847485f2-af31-4346-921d-2278fefcd997,099377eb-3440-4850-bb84-a3987717e106,22,Special construction2,1956,70,69.26,30
3b0dac7a-b170-4ed8-adfb-0e8ddf1dce9e,07811b3b-8cab-4b48-9a35-768050ab90a4,1,Foundation,1972,54,54.24,60
66b6c657-ac3e-4d97-9960-a503d06c829f,07811b3b-8cab-4b48-9a35-768050ab90a4,3,Superstructure,1991,35,10.15,50
bb8457d6-0ac4-4cd6-a563-067b675506c6,07811b3b-8cab-4b48-9a35-768050ab90a4,4,Exterior Structure,2015,11,84.41,40
6137ac7d-ca29-4eb0-8150-7dfb8525f904,07811b3b-8cab-4b48-9a35-768050ab90a4,5,Roofing,2016,10,51.97,20
56ed7707-db78-45c2-bfae-b645d93763f2,07811b3b-8cab-4b48-9a35-768050ab90a4,6,Interior Construction,1984,42,27.21,30
69dd03f5-e2bc-48a4-b41f-06e7c82efeba,07811b3b-8cab-4b48-9a35-768050ab90a4,7,Stairs,1996,30,92.28,40
9e002036-4e2d-4d23-8c2a-713e423acf7b,07811b3b-8cab-4b48-9a35-768050ab90a4,8,Interior Finishes,2003,23,66.81,20
2a2859af-552f-4250-ab9a-e3c5b64f1703,07811b3b-8cab-4b48-9a35-768050ab90a4,9,Conveying,1983,43,77.69,10
545434f8-4118-4f18-a43a-a883ab756348,07811b3b-8cab-4b48-9a35-768050ab90a4,10,Plumbing,2012,14,84.34,30
a017b2c5-f466-4e7d-b29d-8b48afd12d22,07811b3b-8cab-4b48-9a35-768050ab90a4,12,HVAC,1961,65,52.35,40
f1d704e2-32ab-4367-8540-a33c3cdf67ab,07811b3b-8cab-4b48-9a35-768050ab90a4,13,Fire Protection,1983,43,62.31,30
af68989e-5945-4e30-ae32-53e229b0d27c,07811b3b-8cab-4b48-9a35-768050ab90a4,14,Electric,1989,37,51.85,40
f7c8f90a-3661-4bdc-87e1-97db793b3f20,07811b3b-8cab-4b48-9a35-768050ab90a4,15,Furnishing,2026,0,58.88,20
123b49c2-fa18-4532-b2fb-e5e6f6a5076a,07811b3b-8cab-4b48-9a35-768050ab90a4,16,Protection,1963,63,81.08,10
96f572a6-8ece-4340-91b2-a9b31d5dbcbe,07811b3b-8cab-4b48-9a35-768050ab90a4,17,Special construction,2008,18,66.68,10
4b50d638-392e-42d8-904c-28c3fcaff9f0,07811b3b-8cab-4b48-9a35-768050ab90a4,18,Improvements,2023,3,57.76,10
320f23ee-3fa8-4553-bf82-c5980cdcdfa5,07811b3b-8cab-4b48-9a35-768050ab90a4,19,Utilities,1994,32,77.57,30
4e949048-5630-474c-8439-01fa53d6d80a,07811b3b-8cab-4b48-9a35-768050ab90a4,20,Distribution,2015,11,20.91,30
fa4cb18d-f4b4-41ec-ba77-1c6a6dc229c8,07811b3b-8cab-4b48-9a35-768050ab90a4,21,Other Construction,1984,42,60.68,30
b0cde3fa-4149-4d40-8161-209d9f46fe3d,07811b3b-8cab-4b48-9a35-768050ab90a4,22,Special construction2,1991,35,58.86,30
7e99e47a-c922-424a-aacb-d289a8de1fd5,6388d565-58e1-46e5-bdd8-e08dd3cbb66c,1,Foundation,1948,78,62.8,60
b91aa0ed-b90a-4587-80a9-68ff8a899aac,6388d565-58e1-46e5-bdd8-e08dd3cbb66c,3,Superstructure,1999,27,41.79,50
7c5ca25f-3cb9-433a-83e8-12b0bbb455ed,6388d565-58e1-46e5-bdd8-e08dd3cbb66c,4,Exterior Structure,1965,61,73.21,40
6c0645ba-cdd5-492e-b85c-fe1c24297c37,6388d565-58e1-46e5-bdd8-e08dd3cbb66c,5,Roofing,1997,29,73.0,20
abf9e80f-3873-4a2f-9102-071f873fd8a4,6388d565-58e1-46e5-bdd8-e08dd3cbb66c,6,Interior Construction,2009,17,79.87,30
fee01a18-0626-44fa-a59c-9b56b5972373,6388d565-58e1-46e5-bdd8-e08dd3cbb66c,8,Interior Finishes,1999,27,53.91,20
963206a8-35b2-44a9-a354-f77b941c718e,6388d565-58e1-46e5-bdd8-e08dd3cbb66c,9,Conveying,2013,13,69.52,10
8c40964b-ac7a-4ce2-bfbb-3d91d88d9388,6388d565-58e1-46e5-bdd8-e08dd3cbb66c,10,Plumbing,1991,35,65.55,30
d9d8c27d-7df1-48ff-b69c-f017424fbe1a,6388d565-58e1-46e5-bdd8-e08dd3cbb66c,13,Fire Protection,1997,29,91.62,30
46a2215b-3f4f-4f94-9676-8af3e48f2b59,6388d565-58e1-46e5-bdd8-e08dd3cbb66c,14,Electric,1959,67,81.28,40
3d6b4dca-2af5-4f6e-9f9b-b68a6180d236,6388d565-58e1-46e5-bdd8-e08dd3cbb66c,16,Protection,1998,28,55.22,10
d663f825-bb88-41c4-98ac-69867b4ce79f,6388d565-58e1-46e5-bdd8-e08dd3cbb66c,18,Improvements,1997,29,69.61,10
8ef6590d-e45a-40d1-8836-b73636e4d503,6388d565-58e1-46e5-bdd8-e08dd3cbb66c,19,Utilities,1959,67,55.52,30
a1b43b99-1f10-4874-a5ca-50272ec6841b,6388d565-58e1-46e5-bdd8-e08dd3cbb66c,20,Distribution,2015,11,51.76,30
de1d2e94-7e9a-4aa2-b064-bc461e13d8fb,6388d565-58e1-46e5-bdd8-e08dd3cbb66c,21,Other Construction,2004,22,70.2,30
d7757c7e-2ab2-4959-95fb-d8d39876e30b,6388d565-58e1-46e5-bdd8-e08dd3cbb66c,22,Special construction2,2001,25,52.65,30
38c9f3da-2dee-4a8e-9e64-32e0fa28ede9,768ad13c-be0d-410c-b0e8-1c998af68165,1,Foundation,1958,68,99.64,60
3e32033d-0e4c-4a41-b130-970d933709dd,768ad13c-be0d-410c-b0e8-1c998af68165,3,Superstructure,1978,48,71.29,50
77265c07-3a90-413a-8bc1-60a693206b26,768ad13c-be0d-410c-b0e8-1c998af68165,4,Exterior Structure,1994,32,58.54,40
d4dc76a0-35c6-4963-a438-a291df6bc346,768ad13c-be0d-410c-b0e8-1c998af68165,5,Roofing,1988,38,77.36,20
49f07931-bebb-4d9e-b6ce-4a4969bd81f4,768ad13c-be0d-410c-b0e8-1c998af68165,6,Interior Construction,2025,1,82.6,30
7273b084-5fa7-4f19-86e3-52ee2f416b4b,768ad13c-be0d-410c-b0e8-1c998af68165,7,Stairs,1998,28,67.43,40
e265afae-bbc5-42cc-8913-627e656224c3,768ad13c-be0d-410c-b0e8-1c998af68165,8,Interior Finishes,1987,39,52.24,20
f0b1d341-1236-4be0-b3ea-d3144ded78ea,768ad13c-be0d-410c-b0e8-1c998af68165,9,Conveying,1993,33,78.11,10
3504f442-3d0a-4bd3-b641-71cef2b4ba5b,768ad13c-be0d-410c-b0e8-1c998af68165,10,Plumbing,1959,67,64.19,30
5564550c-8e4a-4bb0-bfb8-d982dfb59af6,768ad13c-be0d-410c-b0e8-1c998af68165,11,Art,1971,55,70.98,10
49404ba6-6d39-464a-a7ce-1c5194964daf,768ad13c-be0d-410c-b0e8-1c998af68165,12,HVAC,1990,36,78.57,40
2b59c071-dc48-4b23-be28-b07b1c72c959,768ad13c-be0d-410c-b0e8-1c998af68165,13,Fire Protection,2008,18,61.88,30
59c5d77e-3ae6-4510-a426-f0644673508d,768ad13c-be0d-410c-b0e8-1c998af68165,14,Electric,2010,16,83.98,40
797ef720-44d2-4dd4-a9a6-14c7766e98f1,768ad13c-be0d-410c-b0e8-1c998af68165,15,Furnishing,2024,2,77.76,20
572ae93a-3773-4e2b-b752-6a5eb67b906a,768ad13c-be0d-410c-b0e8-1c998af68165,16,Protection,2008,18,69.92,10
b7bf6cad-762f-462c-995d-7b2b252797bf,768ad13c-be0d-410c-b0e8-1c998af68165,17,Special construction,2008,18,82.23,10
7edd565c-68d5-4a76-a499-18000564bb2d,768ad13c-be0d-410c-b0e8-1c998af68165,18,Improvements,1999,27,76.97,10
1aa489c7-6ba5-4c3b-9f7c-54bd636ea248,768ad13c-be0d-410c-b0e8-1c998af68165,19,Utilities,1992,34,80.52,30
76b9d0f2-469e-4877-84b3-11b73ac35fd5,768ad13c-be0d-410c-b0e8-1c998af68165,20,Distribution,1979,47,68.38,30
fdae1571-b16d-4567-9338-b2bcd6b2b4f9,768ad13c-be0d-410c-b0e8-1c998af68165,21,Other Construction,2025,1,54.97,30
344965d2-4e22-46f3-8c35-9a896bffee50,768ad13c-be0d-410c-b0e8-1c998af68165,22,Special construction2,1959,67,77.23,30
2bf4f823-8c60-43d7-8c95-0079a93942e3,a40cc25c-6c89-4643-85ce-08d327d6b2e2,1,Foundation,1993,33,50.27,60
fc1a11ea-d80a-4c28-973d-f9d48cc79bec,a40cc25c-6c89-4643-85ce-08d327d6b2e2,2,Basement,2009,17,66.66,60
0ce3de75-3f47-4178-8102-aea870cb0312,a40cc25c-6c89-4643-85ce-08d327d6b2e2,3,Superstructure,1996,30,71.81,50
e895725e-33b9-4af4-9414-ea2119e5341f,a40cc25c-6c89-4643-85ce-08d327d6b2e2,4,Exterior Structure,1994,32,69.59,40
cb2669cd-4d55-4538-a214-6c9839d2f5c3,a40cc25c-6c89-4643-85ce-08d327d6b2e2,5,Roofing,1990,36,70.87,20
09346289-725f-4957-92e2-6c63e1f88451,a40cc25c-6c89-4643-85ce-08d327d6b2e2,6,Interior Construction,2014,12,61.01,30
6be0d933-f95e-4627-823b-b93c4163fc24,a40cc25c-6c89-4643-85ce-08d327d6b2e2,7,Stairs,2010,16,62.66,40
8ccb5ddb-deb9-44d3-8e90-8e3d8ca4d4ba,a40cc25c-6c89-4643-85ce-08d327d6b2e2,8,Interior Finishes,2001,25,50.94,20
c9710458-6cd8-4585-9c44-ed8f4d1dc432,a40cc25c-6c89-4643-85ce-08d327d6b2e2,9,Conveying,2005,21,44.68,10
cc5508ee-4f8d-4b98-a2ff-78ce00a0a666,a40cc25c-6c89-4643-85ce-08d327d6b2e2,10,Plumbing,1998,28,55.77,30
b8954b63-7fb7-4e51-81ea-a7ece8475281,a40cc25c-6c89-4643-85ce-08d327d6b2e2,12,HVAC,1983,43,94.79,40
18cd8133-1257-4da3-9b65-0f92cf113774,a40cc25c-6c89-4643-85ce-08d327d6b2e2,13,Fire Protection,2006,20,68.26,30
72663124-3078-4a59-901d-01067a487a9a,a40cc25c-6c89-4643-85ce-08d327d6b2e2,14,Electric,1989,37,60.04,40
2ed082f1-05cb-4330-b4ce-16cebc756a7c,a40cc25c-6c89-4643-85ce-08d327d6b2e2,15,Furnishing,1995,31,52.43,20
3047738d-49f6-4940-ba20-d18e431e3bbd,a40cc25c-6c89-4643-85ce-08d327d6b2e2,16,Protection,1967,59,53.8,10
a669160b-c60d-4381-be29-30de40a61a32,a40cc25c-6c89-4643-85ce-08d327d6b2e2,18,Improvements,2022,4,72.2,10
44fdad9a-e5e0-4845-8856-167ea7afac92,a40cc25c-6c89-4643-85ce-08d327d6b2e2,19,Utilities,1948,78,59.83,30
3d11ce9e-82aa-4971-abab-fb363802e9aa,a40cc25c-6c89-4643-85ce-08d327d6b2e2,20,Distribution,2024,2,61.71,30
78c0e994-3dea-450b-b9bd-4a2964950915,a40cc25c-6c89-4643-85ce-08d327d6b2e2,21,Other Construction,2009,17,97.03,30
0d4cfc16-2f99-4d85-a903-33dadb810fe1,a40cc25c-6c89-4643-85ce-08d327d6b2e2,22,Special construction2,2006,20,71.34,30
c8518195-4863-49b8-85e0-7516b9084fd8,fee50098-ac08-43e3-ac34-57826f204b8f,1,Foundation,1985,41,64.27,60
33bd62a9-7d50-4726-a4e6-afd9fe4bb93d,fee50098-ac08-43e3-ac34-57826f204b8f,2,Basement,1962,64,85.85,60
0671a677-0709-457a-bd31-703fe99bff5b,fee50098-ac08-43e3-ac34-57826f204b8f,3,Superstructure,2004,22,80.37,50
edccaa02-16b6-43f3-ac75-a3e80f596433,fee50098-ac08-43e3-ac34-57826f204b8f,4,Exterior Structure,2004,22,79.36,40
0f9fdcb7-92d6-40ba-8970-e86121b8cb33,fee50098-ac08-43e3-ac34-57826f204b8f,5,Roofing,1988,38,57.63,20
3ea51fc0-2ef4-4f2c-9b55-316e592d3488,fee50098-ac08-43e3-ac34-57826f204b8f,6,Interior Construction,1990,36,57.11,30
78f4919c-037c-4fb1-9885-026ff573b45b,fee50098-ac08-43e3-ac34-57826f204b8f,7,Stairs,1989,37,75.9,40
f573c00d-8ffe-4218-aad2-ac36a7842560,fee50098-ac08-43e3-ac34-57826f204b8f,8,Interior Finishes,2002,24,53.8,20
c83dff95-82ce-44d5-b7d0-08157aae2b52,fee50098-ac08-43e3-ac34-57826f204b8f,9,Conveying,1995,31,83.22,10
6e416ed9-4430-4212-bc53-c77ad2f9b5db,fee50098-ac08-43e3-ac34-57826f204b8f,10,Plumbing,2025,1,50.11,30
09b0294c-d4bc-44d7-9f26-16e1bf79575d,fee50098-ac08-43e3-ac34-57826f204b8f,12,HVAC,1977,49,80.15,40
4b2ab35e-0193-4cc4-b7e5-88d7941544c0,fee50098-ac08-43e3-ac34-57826f204b8f,13,Fire Protection,1994,32,9.09,30
9b30c08b-f4bc-416c-8650-34ce542b228d,fee50098-ac08-43e3-ac34-57826f204b8f,14,Electric,2022,4,80.74,40
3577727b-c6a4-4cc2-9742-a15b92f299d9,fee50098-ac08-43e3-ac34-57826f204b8f,15,Furnishing,1997,29,74.1,20
2856060c-7ed4-4be1-a636-ebdfb87c8055,fee50098-ac08-43e3-ac34-57826f204b8f,16,Protection,1994,32,67.6,10
2121cf8e-429d-4cc8-b36e-5db1a31c7001,fee50098-ac08-43e3-ac34-57826f204b8f,17,Special construction,1980,46,66.83,10
ae15e60a-89ea-4b68-b119-9811373214c8,fee50098-ac08-43e3-ac34-57826f204b8f,18,Improvements,2025,1,80.94,10
cf43225d-05eb-4265-8c32-edd4f374bfb9,fee50098-ac08-43e3-ac34-57826f204b8f,19,Utilities,2021,5,82.75,30
663aed0a-c6ba-43ae-8344-939044a08934,fee50098-ac08-43e3-ac34-57826f204b8f,20,Distribution,1964,62,84.84,30
8c871e73-fd32-4912-b9f0-6bc921605294,fee50098-ac08-43e3-ac34-57826f204b8f,21,Other Construction,2005,21,78.02,30
648c8191-5d95-4667-b1ec-885aaa7fa5b3,fee50098-ac08-43e3-ac34-57826f204b8f,22,Special construction2,1997,29,61.73,30
6cf908e9-2109-4a41-a178-8bbf61677f39,ddba3b40-f89d-4cb3-bc1b-c8e5100e6143,1,Foundation,1994,32,57.43,60
6ec8b986-ea28-4413-b678-b6609fe9bad2,ddba3b40-f89d-4cb3-bc1b-c8e5100e6143,2,Basement,1995,31,77.91,60
350efa2b-7a70-449b-a1fa-60ea0c25edf4,ddba3b40-f89d-4cb3-bc1b-c8e5100e6143,3,Superstructure,1998,28,61.58,50
3b748e03-b9c6-404a-884e-95389fd4e6da,ddba3b40-f89d-4cb3-bc1b-c8e5100e6143,4,Exterior Structure,2015,11,75.67,40
91a60f88-c090-4edb-af0e-0f904be64d64,ddba3b40-f89d-4cb3-bc1b-c8e5100e6143,5,Roofing,1997,29,96.06,20
7075bfbd-568d-4276-9ae0-ab30c4237085,ddba3b40-f89d-4cb3-bc1b-c8e5100e6143,6,Interior Construction,1993,33,76.41,30
2da26168-b244-4a35-a80b-4f3c37be5d78,ddba3b40-f89d-4cb3-bc1b-c8e5100e6143,7,Stairs,1958,68,57.66,40
3390aaa1-3f87-4367-afa8-930f02b50187,ddba3b40-f89d-4cb3-bc1b-c8e5100e6143,8,Interior Finishes,1951,75,91.76,20
a7a4d852-a407-49b0-8c98-aa2468ea1e01,ddba3b40-f89d-4cb3-bc1b-c8e5100e6143,9,Conveying,2000,26,56.08,10
629cae95-7023-4c05-bd37-a31a52e7ae8f,ddba3b40-f89d-4cb3-bc1b-c8e5100e6143,10,Plumbing,1991,35,70.79,30
06219535-8cb3-43bf-8461-131158e7d7e9,ddba3b40-f89d-4cb3-bc1b-c8e5100e6143,12,HVAC,1989,37,52.9,40
aa9590eb-871c-48c1-b3d8-56f3358bbb32,ddba3b40-f89d-4cb3-bc1b-c8e5100e6143,13,Fire Protection,1997,29,65.49,30
28c08461-fe4d-46e5-bf5e-af02eeca3261,ddba3b40-f89d-4cb3-bc1b-c8e5100e6143,14,Electric,2018,8,67.76,40
38571b3d-8a9e-45ba-9f4d-bf29b7e14d24,ddba3b40-f89d-4cb3-bc1b-c8e5100e6143,15,Furnishing,1969,57,76.19,20
000cb404-f393-4206-90ac-bcb790e3863d,ddba3b40-f89d-4cb3-bc1b-c8e5100e6143,16,Protection,2003,23,64.69,10
3b637e8e-fbd9-4482-bde8-ef13bf75b10a,ddba3b40-f89d-4cb3-bc1b-c8e5100e6143,17,Special construction,2010,16,60.24,10
c02df9df-915e-46bc-97a3-747f84727e83,ddba3b40-f89d-4cb3-bc1b-c8e5100e6143,18,Improvements,1992,34,51.85,10
3ea44207-adec-4735-8ba6-bd8fa7b34075,ddba3b40-f89d-4cb3-bc1b-c8e5100e6143,19,Utilities,1998,28,75.72,30
050381ce-0305-4155-adc6-37974246c5a6,ddba3b40-f89d-4cb3-bc1b-c8e5100e6143,20,Distribution,2003,23,60.12,30
840d045e-b934-4d2b-8631-00067dcfe5ed,ddba3b40-f89d-4cb3-bc1b-c8e5100e6143,21,Other Construction,2004,22,51.7,30
d35b6a4e-080d-493c-81c2-713492f6a45f,ddba3b40-f89d-4cb3-bc1b-c8e5100e6143,22,Special construction2,1987,39,50.15,30
fb83f38a-f2b5-4063-aff5-d38f821dcae5,c5a2ea55-29cf-4e36-8d06-d5346b2f2840,1,Foundation,2014,12,61.29,60
3270bd61-7230-46c8-953a-7cccf3c1c705,c5a2ea55-29cf-4e36-8d06-d5346b2f2840,3,Superstructure,2012,14,74.83,50
91a6e1e9-a121-400a-93de-b830bf4a5983,c5a2ea55-29cf-4e36-8d06-d5346b2f2840,4,Exterior Structure,1991,35,58.59,40
8ae7284f-8ade-455a-b932-caaa6e541141,c5a2ea55-29cf-4e36-8d06-d5346b2f2840,5,Roofing,1949,77,78.83,20
6846d889-4019-4c1c-91e0-884b79314080,c5a2ea55-29cf-4e36-8d06-d5346b2f2840,6,Interior Construction,2007,19,72.89,30
952d8861-2712-4116-84c6-faa145a07847,c5a2ea55-29cf-4e36-8d06-d5346b2f2840,8,Interior Finishes,2013,13,78.37,20
a02dd11f-8dc7-4923-8f90-c0a0921dc05c,c5a2ea55-29cf-4e36-8d06-d5346b2f2840,9,Conveying,1979,47,53.65,10
2f4cd7d8-39d8-49d5-94d2-22a6e089fcda,c5a2ea55-29cf-4e36-8d06-d5346b2f2840,10,Plumbing,2010,16,53.23,30
342646c8-7512-4920-90e7-b78d113ef361,c5a2ea55-29cf-4e36-8d06-d5346b2f2840,13,Fire Protection,1964,62,77.07,30
dc0a5316-2abc-4def-8f59-4a40717c549f,c5a2ea55-29cf-4e36-8d06-d5346b2f2840,14,Electric,1975,51,53.26,40
ac562f9b-2100-4dab-8528-3f881c2c87b8,c5a2ea55-29cf-4e36-8d06-d5346b2f2840,16,Protection,2003,23,66.91,10
5359d8b0-b2ce-4911-a814-bc901fa77911,c5a2ea55-29cf-4e36-8d06-d5346b2f2840,18,Improvements,1975,51,64.24,10
9c13559b-35ae-44d1-ac5b-bdef8ed24a8a,c5a2ea55-29cf-4e36-8d06-d5346b2f2840,20,Distribution,1973,53,72.47,30
a5a41086-274c-4afa-a347-d4b609b5e750,c5a2ea55-29cf-4e36-8d06-d5346b2f2840,21,Other Construction,1966,60,57.18,30
8b5598f2-08d5-4412-9d4a-6879f6feedf1,c5a2ea55-29cf-4e36-8d06-d5346b2f2840,22,Special construction2,1951,75,56.03,30
2f2d92a4-db59-4e22-a20a-cc6ff931aa20,75a6ad6a-e3f0-4248-ae10-a32cfed10439,1,Foundation,2019,7,79.58,60
54d9d9d9-affd-4688-9be7-468ea11871cc,75a6ad6a-e3f0-4248-ae10-a32cfed10439,2,Basement,2019,7,65.1,60
84684d36-4524-4cbe-a675-a7a08f003316,75a6ad6a-e3f0-4248-ae10-a32cfed10439,3,Superstructure,1977,49,66.72,50
35edead7-7025-4f7a-b7d3-f6448c17c0e3,75a6ad6a-e3f0-4248-ae10-a32cfed10439,4,Exterior Structure,2024,2,69.94,40
047512ff-4d55-4701-8dae-01a1d3bb6c90,75a6ad6a-e3f0-4248-ae10-a32cfed10439,5,Roofing,2012,14,78.78,20
14adf7bd-f0da-4143-a9b1-425048af3f45,75a6ad6a-e3f0-4248-ae10-a32cfed10439,6,Interior Construction,2021,5,60.87,30
2e1b25e6-a3d7-48b4-bbe5-1c5305c2ef06,75a6ad6a-e3f0-4248-ae10-a32cfed10439,7,Stairs,1947,79,77.57,40
9951753c-4268-4ce6-a110-e21ec149f3df,75a6ad6a-e3f0-4248-ae10-a32cfed10439,8,Interior Finishes,1975,51,68.78,20
abfb0b6f-cd6a-4996-91bb-4ed6e1278314,75a6ad6a-e3f0-4248-ae10-a32cfed10439,9,Conveying,1998,28,81.69,10
d195814f-8fd6-478c-b72f-4634f43b5203,75a6ad6a-e3f0-4248-ae10-a32cfed10439,10,Plumbing,1998,28,68.53,30
1a328e66-40c2-42c6-8950-8ae2136aaf1d,75a6ad6a-e3f0-4248-ae10-a32cfed10439,12,HVAC,1992,34,50.09,40
c0ead9fa-ee7a-4948-9189-8d9a126454ee,75a6ad6a-e3f0-4248-ae10-a32cfed10439,13,Fire Protection,2026,0,23.89,30
7dd54f3f-941e-4a30-b1fa-1e8809349b1c,75a6ad6a-e3f0-4248-ae10-a32cfed10439,14,Electric,1999,27,66.12,40
a9f2e1e4-fe92-4022-9b64-25a9e4803d62,75a6ad6a-e3f0-4248-ae10-a32cfed10439,15,Furnishing,1951,75,62.34,20
ff44fb43-f548-48ec-ace0-486a91c81232,75a6ad6a-e3f0-4248-ae10-a32cfed10439,16,Protection,1972,54,66.93,10
b16af7fd-dca3-45b5-aac0-c7dd3e8152b5,75a6ad6a-e3f0-4248-ae10-a32cfed10439,17,Special construction,1996,30,79.3,10
4a64da98-4a14-4006-8b7b-4e556368dd44,75a6ad6a-e3f0-4248-ae10-a32cfed10439,18,Improvements,2025,1,98.02,10
23f36711-ec6b-4bdc-bf12-33206e28d1f7,75a6ad6a-e3f0-4248-ae10-a32cfed10439,19,Utilities,2016,10,72.76,30
56744a79-ad98-4b8c-87c0-1bc0029fac22,75a6ad6a-e3f0-4248-ae10-a32cfed10439,20,Distribution,1987,39,64.18,30
5873fb56-35c9-4307-96f9-b3fa97c9733c,75a6ad6a-e3f0-4248-ae10-a32cfed10439,21,Other Construction,2015,11,77.99,30
d7e086fd-c679-4b78-9ccf-09b92dbbfc3d,75a6ad6a-e3f0-4248-ae10-a32cfed10439,22,Special construction2,2002,24,72.97,30
9de121aa-1d2d-4cb6-a270-acf2e9065a4a,9fffe633-fa7b-4036-83ae-ee5c911d254c,1,Foundation,2001,25,78.06,60
8b45eecc-37c9-4922-95f4-7186364d20ec,9fffe633-fa7b-4036-83ae-ee5c911d254c,2,Basement,2011,15,60.35,60
22760709-0a43-4e55-94a5-db41db7759a3,9fffe633-fa7b-4036-83ae-ee5c911d254c,3,Superstructure,1966,60,67.17,50
cde33416-d78a-4b0c-aacd-27e691027848,9fffe633-fa7b-4036-83ae-ee5c911d254c,4,Exterior Structure,1995,31,70.61,40
4ca867fe-6814-42ec-b2d8-f96983ca8fbe,9fffe633-fa7b-4036-83ae-ee5c911d254c,5,Roofing,1994,32,50.24,20
aa9fcf61-7dc5-4d8e-a4c4-10da1446332c,9fffe633-fa7b-4036-83ae-ee5c911d254c,6,Interior Construction,1989,37,65.71,30
689be1c7-928b-4fc3-90fd-0c2fd6d2e16d,9fffe633-fa7b-4036-83ae-ee5c911d254c,7,Stairs,1992,34,75.77,40
601ceb14-d03b-46bf-b980-026664ba3f8e,9fffe633-fa7b-4036-83ae-ee5c911d254c,8,Interior Finishes,2024,2,34.28,20
e181973d-5d62-4a7b-a63b-9dc444de6719,9fffe633-fa7b-4036-83ae-ee5c911d254c,9,Conveying,1983,43,80.23,10
e085a859-4832-4f56-821b-6353aa5495ae,9fffe633-fa7b-4036-83ae-ee5c911d254c,10,Plumbing,2016,10,77.21,30
f702a183-0424-488b-a4a1-690b281a24e1,9fffe633-fa7b-4036-83ae-ee5c911d254c,12,HVAC,1965,61,83.44,40
e1185a48-3237-450d-bfcd-68c20c35e78d,9fffe633-fa7b-4036-83ae-ee5c911d254c,13,Fire Protection,1968,58,60.77,30
00a3f1a9-4708-40ae-89b1-45babf32062a,9fffe633-fa7b-4036-83ae-ee5c911d254c,14,Electric,2021,5,56.65,40
5498440a-cddf-4a39-922a-8c8ef8778dd8,9fffe633-fa7b-4036-83ae-ee5c911d254c,15,Furnishing,1956,70,54.37,20
fe2d4312-0126-432d-aec9-1b6b054e0205,9fffe633-fa7b-4036-83ae-ee5c911d254c,16,Protection,1969,57,68.27,10
4d341fa5-d8d9-4c60-83f2-e918ca606767,9fffe633-fa7b-4036-83ae-ee5c911d254c,17,Special construction,2009,17,81.28,10
e964bce4-e323-4fe7-b2bd-65f514d9690d,9fffe633-fa7b-4036-83ae-ee5c911d254c,18,Improvements,1993,33,41.33,10
755d99c1-6a25-451e-8d51-c38b7666fece,9fffe633-fa7b-4036-83ae-ee5c911d254c,19,Utilities,2021,5,63.74,30
cbf30704-8184-47fa-91ec-4702f760796c,9fffe633-fa7b-4036-83ae-ee5c911d254c,20,Distribution,2018,8,96.99,30
67f74893-66b1-4a91-b7d1-058c5eca8d6b,9fffe633-fa7b-4036-83ae-ee5c911d254c,21,Other Construction,1997,29,48.13,30
ca82b133-7ca0-4a7e-8eb0-a8b69db62692,9fffe633-fa7b-4036-83ae-ee5c911d254c,22,Special construction2,1973,53,70.29,30
ca2708fc-626f-47b1-9133-945a0abed914,2164262f-d3a5-4e94-8682-fa2779ad4e99,1,Foundation,1995,31,55.45,60
3ef5cec8-c735-4f5f-a4ec-7aaf8174d751,2164262f-d3a5-4e94-8682-fa2779ad4e99,2,Basement,1965,61,1.82,60
a66e509e-b10a-44ba-8eef-dddc7976f74c,2164262f-d3a5-4e94-8682-fa2779ad4e99,3,Superstructure,1988,38,59.19,50
29816a23-3dac-4a14-a1b0-a8280678e09f,2164262f-d3a5-4e94-8682-fa2779ad4e99,4,Exterior Structure,2002,24,68.45,40
9b3aae01-94ef-48df-bbbb-563a8bf742c2,2164262f-d3a5-4e94-8682-fa2779ad4e99,5,Roofing,2002,24,76.57,20
fed9bf94-7ecd-4a0a-9131-e0202b71748b,2164262f-d3a5-4e94-8682-fa2779ad4e99,6,Interior Construction,1969,57,60.49,30
c8ef3d23-ca0d-4be4-91ab-b6e83f60da7d,2164262f-d3a5-4e94-8682-fa2779ad4e99,7,Stairs,2012,14,76.46,40
e8e0b1ba-ebcb-4dc4-bfc1-5b92feb4c751,2164262f-d3a5-4e94-8682-fa2779ad4e99,8,Interior Finishes,2026,0,84.26,20
ff0d5497-361e-415e-ac28-461f05a22b5b,2164262f-d3a5-4e94-8682-fa2779ad4e99,9,Conveying,1975,51,54.17,10
0d5d0837-55a8-4dd8-aa24-2e997f3c7f9e,2164262f-d3a5-4e94-8682-fa2779ad4e99,10,Plumbing,2003,23,24.14,30
f1d59e21-4326-454a-b82b-533c5b076cbc,2164262f-d3a5-4e94-8682-fa2779ad4e99,12,HVAC,2012,14,66.77,40
f793246b-e54c-40b5-9575-b1103c0010f5,2164262f-d3a5-4e94-8682-fa2779ad4e99,13,Fire Protection,1990,36,69.21,30
aecc6da4-281c-4992-b6ed-3fd62df7d758,2164262f-d3a5-4e94-8682-fa2779ad4e99,14,Electric,1960,66,52.25,40
9eaded3f-4460-45e6-9c3f-5a397558b90e,2164262f-d3a5-4e94-8682-fa2779ad4e99,15,Furnishing,1990,36,66.6,20
ff5a3ff0-6f6f-4619-9866-75eff9c94dbb,2164262f-d3a5-4e94-8682-fa2779ad4e99,16,Protection,1978,48,77.13,10
03836830-8315-43c3-86ab-65a3514658a6,2164262f-d3a5-4e94-8682-fa2779ad4e99,18,Improvements,1958,68,62.69,10
efa2d619-4e7a-4ca4-b56d-b798253b8b75,2164262f-d3a5-4e94-8682-fa2779ad4e99,19,Utilities,1964,62,70.7,30
4a8fbb81-63b3-4e21-b00f-a54b1a26fad2,2164262f-d3a5-4e94-8682-fa2779ad4e99,20,Distribution,1988,38,82.67,30
65e75568-70c1-4f2c-9345-353cce776fa4,2164262f-d3a5-4e94-8682-fa2779ad4e99,21,Other Construction,2024,2,84.22,30
55d220fd-8d45-4efb-bdf1-7374e1471c9e,2164262f-d3a5-4e94-8682-fa2779ad4e99,22,Special construction2,1991,35,65.01,30
08b00356-15df-406c-beb2-e5a4a1eaf727,8badbd50-39f1-4222-a9d7-a3d029ff39f0,1,Foundation,1950,76,69.77,60
36f35ff6-0cb1-43b3-ac94-eeccc6265b08,8badbd50-39f1-4222-a9d7-a3d029ff39f0,2,Basement,2008,18,71.52,60
210bda36-9b4a-4d58-ba40-2142ad23699f,8badbd50-39f1-4222-a9d7-a3d029ff39f0,3,Superstructure,2013,13,66.44,50
aead7cbf-541f-478e-a115-da1d8e52fc5c,8badbd50-39f1-4222-a9d7-a3d029ff39f0,4,Exterior Structure,1965,61,60.8,40
f0849cad-d9e9-4882-8c56-157c4616f4aa,8badbd50-39f1-4222-a9d7-a3d029ff39f0,5,Roofing,1964,62,73.57,20
8778c961-8da3-4d8d-89f6-28acfa961eb3,8badbd50-39f1-4222-a9d7-a3d029ff39f0,6,Interior Construction,1948,78,59.97,30
d7c7ec09-239f-4c9f-834a-d7c17ed50d57,8badbd50-39f1-4222-a9d7-a3d029ff39f0,7,Stairs,2010,16,59.56,40
b86a3388-9ca2-4b49-b1e0-541c2448a840,8badbd50-39f1-4222-a9d7-a3d029ff39f0,8,Interior Finishes,2014,12,53.69,20
80ab60e8-229d-4e8e-923d-b01712897d7d,8badbd50-39f1-4222-a9d7-a3d029ff39f0,9,Conveying,1983,43,99.95,10
6046e50d-0033-4b47-843d-258841fce9a3,8badbd50-39f1-4222-a9d7-a3d029ff39f0,10,Plumbing,2023,3,67.07,30
9362bcc0-0e4a-4dfd-a3ec-e8d092cb1b2b,8badbd50-39f1-4222-a9d7-a3d029ff39f0,12,HVAC,2015,11,58.99,40
d0b2b4fb-7f5a-4f0c-82ed-dc2862a6c72e,8badbd50-39f1-4222-a9d7-a3d029ff39f0,13,Fire Protection,2018,8,77.18,30
c809bb5e-79ed-4b86-8b5d-11938c443a3c,8badbd50-39f1-4222-a9d7-a3d029ff39f0,14,Electric,2016,10,12.46,40
3c1d4856-e785-4fd0-ae89-480d34c175f9,8badbd50-39f1-4222-a9d7-a3d029ff39f0,15,Furnishing,2005,21,73.05,20
cc92cd68-faa4-44cb-b20e-59470cb94daf,8badbd50-39f1-4222-a9d7-a3d029ff39f0,16,Protection,1990,36,81.45,10
60ac78d6-6d40-4c5f-be33-5db7f27ee15f,8badbd50-39f1-4222-a9d7-a3d029ff39f0,18,Improvements,1992,34,12.87,10
4f945f5f-681b-4b3e-ad4b-79a7d8c1c363,8badbd50-39f1-4222-a9d7-a3d029ff39f0,19,Utilities,2011,15,66.86,30
ee750298-dda0-46bc-b3ed-6c4447321042,8badbd50-39f1-4222-a9d7-a3d029ff39f0,20,Distribution,1979,47,93.71,30
0da5be1f-0472-4e9e-8134-e839257c93c1,8badbd50-39f1-4222-a9d7-a3d029ff39f0,21,Other Construction,1977,49,68.5,30
a92033ac-40b7-43e5-af68-e0c7206d8fcc,8badbd50-39f1-4222-a9d7-a3d029ff39f0,22,Special construction2,1975,51,53.45,30
0fe154f9-900b-461e-8f27-218e4ad17e4e,4234d96e-ea8c-49d5-b5d8-4302259b09dc,1,Foundation,2016,10,41.15,60
0869e6f6-9444-4343-9f0b-41b0de239f79,4234d96e-ea8c-49d5-b5d8-4302259b09dc,2,Basement,1987,39,64.41,60
4cfabdad-f7a6-49e5-9afb-1d1eb0afd26a,4234d96e-ea8c-49d5-b5d8-4302259b09dc,3,Superstructure,1991,35,4.34,50
666884bb-a69a-42b5-9e0e-8f475e0c1ec0,4234d96e-ea8c-49d5-b5d8-4302259b09dc,4,Exterior Structure,2000,26,81.66,40
778faf9d-6817-4ef1-9ad7-86a10b2a3b0d,4234d96e-ea8c-49d5-b5d8-4302259b09dc,5,Roofing,2000,26,51.55,20
20819b75-cbbb-4a0d-877c-f4ec20e56cce,4234d96e-ea8c-49d5-b5d8-4302259b09dc,6,Interior Construction,1990,36,71.31,30
34bc6c1f-3cfb-490d-bb60-9afab6337566,4234d96e-ea8c-49d5-b5d8-4302259b09dc,7,Stairs,2006,20,55.23,40
bd15015b-e807-4ce5-88a1-85edd439fdc2,4234d96e-ea8c-49d5-b5d8-4302259b09dc,8,Interior Finishes,2007,19,66.53,20
a2c5a678-6412-4320-acc3-914404850eb3,4234d96e-ea8c-49d5-b5d8-4302259b09dc,9,Conveying,1994,32,51.39,10
4a9616ac-1db8-477c-acd7-4355ac4a8c57,4234d96e-ea8c-49d5-b5d8-4302259b09dc,10,Plumbing,2012,14,54.74,30
365ac357-9bdb-41b7-ab66-634f44642cd7,4234d96e-ea8c-49d5-b5d8-4302259b09dc,12,HVAC,2022,4,67.89,40
120e8634-9c9e-4c7a-afa8-45c33ab14d03,4234d96e-ea8c-49d5-b5d8-4302259b09dc,13,Fire Protection,2004,22,78.62,30
e7e5d7b4-d920-4933-9945-78d5897bf8ff,4234d96e-ea8c-49d5-b5d8-4302259b09dc,14,Electric,2014,12,61.92,40
5d7606ef-b14e-4228-9b75-50691de6215f,4234d96e-ea8c-49d5-b5d8-4302259b09dc,15,Furnishing,1972,54,76.94,20
c6fc7221-a25b-4452-b98e-f2908d61708a,4234d96e-ea8c-49d5-b5d8-4302259b09dc,16,Protection,1976,50,52.55,10
0418d736-7e3b-4386-a235-5bfb7db0655c,4234d96e-ea8c-49d5-b5d8-4302259b09dc,17,Special construction,1992,34,43.61,10
de1a1f8e-cef2-488c-9ee2-35fe6e9a3f2f,4234d96e-ea8c-49d5-b5d8-4302259b09dc,18,Improvements,1996,30,81.43,10
20970a27-05e3-4c20-a3e1-f6dea7ed9627,4234d96e-ea8c-49d5-b5d8-4302259b09dc,19,Utilities,1997,29,11.13,30
afd895c7-deed-4760-b9f1-15f8bd52708e,4234d96e-ea8c-49d5-b5d8-4302259b09dc,20,Distribution,2018,8,81.5,30
e1e464e4-663b-4631-859e-5bd304c65837,4234d96e-ea8c-49d5-b5d8-4302259b09dc,21,Other Construction,1996,30,93.0,30
e5913f64-4294-4827-8285-ec8e63bef992,4234d96e-ea8c-49d5-b5d8-4302259b09dc,22,Special construction2,1991,35,74.04,30
55d1fd2a-b2ac-4a0a-aaed-6f9b640199c0,05ae3fb1-a4bf-4af7-8aeb-c88cfffd8e58,1,Foundation,1998,28,63.74,60
498f720e-d355-4a43-becc-b6403b4ad38c,05ae3fb1-a4bf-4af7-8aeb-c88cfffd8e58,2,Basement,2002,24,69.71,60
ac6ffcf9-0a73-4ed7-992f-cfbe8058a734,05ae3fb1-a4bf-4af7-8aeb-c88cfffd8e58,3,Superstructure,2016,10,59.87,50
d34fa117-8b3f-4e1b-8dec-badbf5a5fa97,05ae3fb1-a4bf-4af7-8aeb-c88cfffd8e58,4,Exterior Structure,1959,67,64.82,40
dda905b8-c81f-455a-b0e9-05f103f13457,05ae3fb1-a4bf-4af7-8aeb-c88cfffd8e58,5,Roofing,2006,20,55.05,20
88949a41-6135-424f-b413-7eebbfa6eaf6,05ae3fb1-a4bf-4af7-8aeb-c88cfffd8e58,6,Interior Construction,2006,20,54.47,30
5e9de353-61dc-4f8f-a241-9e21aecbc15f,05ae3fb1-a4bf-4af7-8aeb-c88cfffd8e58,7,Stairs,1953,73,51.04,40
fa9bffd4-3c3d-4a63-9ffe-fbc3579dc262,05ae3fb1-a4bf-4af7-8aeb-c88cfffd8e58,8,Interior Finishes,1991,35,51.13,20
6275d892-aaf6-49a3-9d13-0ebde89a9853,05ae3fb1-a4bf-4af7-8aeb-c88cfffd8e58,9,Conveying,1999,27,66.99,10
66d1a38f-adc4-46ff-b198-1ccb235938c2,05ae3fb1-a4bf-4af7-8aeb-c88cfffd8e58,10,Plumbing,2000,26,61.75,30
563a6bf2-0e4e-4b4c-bd85-02b625f5903f,05ae3fb1-a4bf-4af7-8aeb-c88cfffd8e58,12,HVAC,2000,26,59.23,40
a9bd64bf-510a-4ced-b90b-cf46d68e8ea4,05ae3fb1-a4bf-4af7-8aeb-c88cfffd8e58,13,Fire Protection,1994,32,37.01,30
8e487cec-1fb6-4723-a9d9-002c1ee71677,05ae3fb1-a4bf-4af7-8aeb-c88cfffd8e58,14,Electric,2004,22,50.58,40
e3d899ef-7f41-4f40-9fe8-3d5c1c080c26,05ae3fb1-a4bf-4af7-8aeb-c88cfffd8e58,15,Furnishing,1951,75,68.35,20
d1aa0bef-b77c-4a43-ac1e-8c542182d11b,05ae3fb1-a4bf-4af7-8aeb-c88cfffd8e58,16,Protection,1995,31,61.21,10
1e568180-2116-4b27-a756-ccee1e60bff9,05ae3fb1-a4bf-4af7-8aeb-c88cfffd8e58,18,Improvements,1990,36,26.62,10
e2394f5a-f8c2-4069-b774-4f0cc06ab445,05ae3fb1-a4bf-4af7-8aeb-c88cfffd8e58,19,Utilities,1990,36,63.27,30
61366a71-18a6-4bf0-9828-83b0f2f9192f,05ae3fb1-a4bf-4af7-8aeb-c88cfffd8e58,20,Distribution,1953,73,51.05,30
ef69447b-be98-4060-ad73-83e9e745178c,05ae3fb1-a4bf-4af7-8aeb-c88cfffd8e58,21,Other Construction,1999,27,53.68,30
34c21321-5fd3-411b-9c5d-802437fa11b1,05ae3fb1-a4bf-4af7-8aeb-c88cfffd8e58,22,Special construction2,1991,35,72.71,30
30d80e89-e5eb-4f9f-a0c9-013e5319df2c,1b09ab73-4143-4e51-94fb-8ac7f47b25cd,1,Foundation,2005,21,82.77,60
08b1e6a7-aa70-4118-9daa-ae06441bd0e7,1b09ab73-4143-4e51-94fb-8ac7f47b25cd,2,Basement,1997,29,75.3,60
af35eb3e-2a77-41ec-83fd-050e548890ac,1b09ab73-4143-4e51-94fb-8ac7f47b25cd,3,Superstructure,2015,11,69.0,50
7fe45e97-c83f-435b-b2e1-fd5163fe856a,1b09ab73-4143-4e51-94fb-8ac7f47b25cd,4,Exterior Structure,1995,31,35.99,40
5e09687a-6cbe-415c-8beb-f21cc414e2f1,1b09ab73-4143-4e51-94fb-8ac7f47b25cd,5,Roofing,1957,69,83.77,20
75fedde5-fb13-49a1-9e48-e7a681a1e983,1b09ab73-4143-4e51-94fb-8ac7f47b25cd,6,Interior Construction,2021,5,75.39,30
5da76571-f36d-42b2-ae2e-13cfe424366a,1b09ab73-4143-4e51-94fb-8ac7f47b25cd,7,Stairs,1996,30,84.81,40
e1a49954-48d1-4104-a28e-c835fd5f438a,1b09ab73-4143-4e51-94fb-8ac7f47b25cd,8,Interior Finishes,1996,30,52.7,20
f7b82481-a85a-4771-83f5-e94c2943e780,1b09ab73-4143-4e51-94fb-8ac7f47b25cd,9,Conveying,2001,25,55.24,10
87782650-286d-4075-a43b-1ddfbd3db362,1b09ab73-4143-4e51-94fb-8ac7f47b25cd,10,Plumbing,1997,29,93.77,30
2a98aa02-deba-4d9f-91c4-b73c09b70f45,1b09ab73-4143-4e51-94fb-8ac7f47b25cd,12,HVAC,1996,30,59.12,40
364547da-710b-49ca-841c-0a220e3d6049,1b09ab73-4143-4e51-94fb-8ac7f47b25cd,13,Fire Protection,1989,37,64.31,30
047b1ee4-4022-4a8f-8b32-a31ef80e3257,1b09ab73-4143-4e51-94fb-8ac7f47b25cd,14,Electric,2003,23,67.22,40
38bef623-d871-445d-aafb-460629f4fcef,1b09ab73-4143-4e51-94fb-8ac7f47b25cd,15,Furnishing,1991,35,69.46,20
b3dd83d5-90fd-4d00-8d52-ef5b88ee70bd,1b09ab73-4143-4e51-94fb-8ac7f47b25cd,16,Protection,2006,20,66.12,10
44e044c5-b635-4c49-927d-03da87d381c8,1b09ab73-4143-4e51-94fb-8ac7f47b25cd,18,Improvements,1995,31,57.58,10
b81a488e-00c2-41b7-a10a-6d679e2b3754,1b09ab73-4143-4e51-94fb-8ac7f47b25cd,19,Utilities,2000,26,68.62,30
4cc7fec1-139e-4ab7-af6c-1a64bfc102d2,1b09ab73-4143-4e51-94fb-8ac7f47b25cd,20,Distribution,2005,21,71.91,30
833c32d5-5a79-47e8-8e39-0ee3588b67f2,1b09ab73-4143-4e51-94fb-8ac7f47b25cd,21,Other Construction,1996,30,61.73,30
253906e6-8476-4f84-8164-47a2c32e9bfa,1b09ab73-4143-4e51-94fb-8ac7f47b25cd,22,Special construction2,2023,3,66.12,30
5388b911-81e1-4100-95ed-e69c9856bfc9,eb1c482c-2ec2-4285-ab0f-554d5f1f88bc,1,Foundation,1995,31,74.39,60
4ed14fd9-1ca5-4cee-8af4-9bf3345299ee,eb1c482c-2ec2-4285-ab0f-554d5f1f88bc,2,Basement,1990,36,90.04,60
09dacda3-3fee-41ce-a54e-3cb579227142,eb1c482c-2ec2-4285-ab0f-554d5f1f88bc,3,Superstructure,1987,39,58.95,50
f790b520-1bb7-47db-8a81-da4248180895,eb1c482c-2ec2-4285-ab0f-554d5f1f88bc,4,Exterior Structure,1998,28,78.48,40
473464ca-720f-4301-9784-a64ffc454b35,eb1c482c-2ec2-4285-ab0f-554d5f1f88bc,5,Roofing,2007,19,15.12,20
ae1b921d-8335-48de-801e-8ffa9b87e0fb,eb1c482c-2ec2-4285-ab0f-554d5f1f88bc,6,Interior Construction,1992,34,60.19,30
6b71138b-4e26-4d47-908b-569ac822f285,eb1c482c-2ec2-4285-ab0f-554d5f1f88bc,7,Stairs,1994,32,35.73,40
0a0637e3-9ef1-4ff9-bd2f-cdb0c5067c51,eb1c482c-2ec2-4285-ab0f-554d5f1f88bc,8,Interior Finishes,1969,57,22.16,20
1097b2a4-6fa1-4b37-b862-26cb1e9e2676,eb1c482c-2ec2-4285-ab0f-554d5f1f88bc,9,Conveying,2001,25,62.31,10
1746c923-df63-460c-9567-54c38218cd8b,eb1c482c-2ec2-4285-ab0f-554d5f1f88bc,10,Plumbing,2022,4,2.58,30
edfb1978-9bb4-4337-ac94-0cddf09a0ba3,eb1c482c-2ec2-4285-ab0f-554d5f1f88bc,12,HVAC,2012,14,62.32,40
88b6290b-c0dc-4c95-85f8-1947166d4077,eb1c482c-2ec2-4285-ab0f-554d5f1f88bc,13,Fire Protection,2005,21,56.59,30
83f75cb3-5834-47f7-a7a4-2498e0545755,eb1c482c-2ec2-4285-ab0f-554d5f1f88bc,14,Electric,1998,28,56.95,40
1db91153-a4e6-49ac-a8de-3b5150af6269,eb1c482c-2ec2-4285-ab0f-554d5f1f88bc,15,Furnishing,1951,75,1.35,20
c2adc9b5-84f9-41ce-b4cd-1ddf58ba46c9,eb1c482c-2ec2-4285-ab0f-554d5f1f88bc,16,Protection,1993,33,60.61,10
a1b36865-d26f-4568-8a4a-7691f21cab58,eb1c482c-2ec2-4285-ab0f-554d5f1f88bc,17,Special construction,2005,21,14.14,10
8b976376-3bd7-4b23-95e3-fdfd17b429eb,eb1c482c-2ec2-4285-ab0f-554d5f1f88bc,18,Improvements,2008,18,84.16,10
45bafa75-4c39-4163-b705-48aa086f65ea,eb1c482c-2ec2-4285-ab0f-554d5f1f88bc,19,Utilities,1960,66,74.42,30
fd330df3-35eb-4ce5-85b0-36a196b9a98f,eb1c482c-2ec2-4285-ab0f-554d5f1f88bc,20,Distribution,2005,21,59.18,30
83c09c90-92c6-4eab-876e-3c1ce456916d,eb1c482c-2ec2-4285-ab0f-554d5f1f88bc,21,Other Construction,1992,34,66.61,30
7c77267a-a347-4a26-8f14-3b63eee4296e,eb1c482c-2ec2-4285-ab0f-554d5f1f88bc,22,Special construction2,2014,12,66.63,30
61105e60-2db4-4f9f-bb96-c638fc3879ac,5ba12183-2cf8-461f-9129-4424d8b2902a,1,Foundation,1957,69,81.9,60
0aa994b8-053d-43cb-b846-4c097bd63b7e,5ba12183-2cf8-461f-9129-4424d8b2902a,2,Basement,2003,23,4.69,60
fbcfd60e-e05d-4120-ba16-3b8bcd98a049,5ba12183-2cf8-461f-9129-4424d8b2902a,3,Superstructure,1982,44,74.35,50
a5f0b7fd-8b7d-4fa9-884d-a0386fca253f,5ba12183-2cf8-461f-9129-4424d8b2902a,4,Exterior Structure,2000,26,79.55,40
4ba3c600-469f-4c45-964f-0d8eaa42cd96,5ba12183-2cf8-461f-9129-4424d8b2902a,5,Roofing,1954,72,58.86,20
8a95b32c-5f62-43a4-8a82-80b6b653cc82,5ba12183-2cf8-461f-9129-4424d8b2902a,6,Interior Construction,2008,18,66.62,30
88fa3319-2fc1-4482-9d5f-7fbb989b65c8,5ba12183-2cf8-461f-9129-4424d8b2902a,7,Stairs,1983,43,46.42,40
9674971f-fb53-494a-8dc0-5937df4b4121,5ba12183-2cf8-461f-9129-4424d8b2902a,8,Interior Finishes,2012,14,50.87,20
fc9c1095-651d-4f7b-8898-4ef6e0ed0604,5ba12183-2cf8-461f-9129-4424d8b2902a,9,Conveying,1999,27,84.64,10
af879eb9-43ef-4c2a-b3f9-36aeec3f12e4,5ba12183-2cf8-461f-9129-4424d8b2902a,10,Plumbing,1990,36,84.52,30
6aa56e31-bf63-4895-b54a-3a88b63dd755,5ba12183-2cf8-461f-9129-4424d8b2902a,12,HVAC,1996,30,66.0,40
22fc460a-fc64-4afd-8a28-7b1d2fa0374a,5ba12183-2cf8-461f-9129-4424d8b2902a,13,Fire Protection,1993,33,61.56,30
3f9919ce-fbd4-4b3d-8bb5-fd8ecc2f1825,5ba12183-2cf8-461f-9129-4424d8b2902a,14,Electric,2006,20,39.09,40
03a1a01e-0776-451f-be5b-45baf4e8ebd1,5ba12183-2cf8-461f-9129-4424d8b2902a,15,Furnishing,1997,29,71.26,20
d8e21c0e-8fea-4815-a31a-42332ad53d4b,5ba12183-2cf8-461f-9129-4424d8b2902a,16,Protection,1991,35,64.28,10
6a74b2c1-07cd-4def-9296-c5de28f4f00e,5ba12183-2cf8-461f-9129-4424d8b2902a,18,Improvements,1988,38,79.51,10
1eb54b0c-7058-4a35-aa85-65d6ce263661,5ba12183-2cf8-461f-9129-4424d8b2902a,19,Utilities,2010,16,83.94,30
305ac5bc-9145-4ae2-8e90-26c6304d2b5d,5ba12183-2cf8-461f-9129-4424d8b2902a,20,Distribution,1966,60,73.06,30
096eefb6-d0b9-419d-a9ce-8d3da562a9f6,5ba12183-2cf8-461f-9129-4424d8b2902a,21,Other Construction,2003,23,84.66,30
c886177a-9dc8-450d-ae25-e52d43644607,5ba12183-2cf8-461f-9129-4424d8b2902a,22,Special construction2,2016,10,60.77,30
9c64f8a6-1bdd-4bae-b1c3-9e1dfc94d191,fe93e809-9315-466a-90c0-f7329600019e,1,Foundation,2011,15,50.25,60
2659be23-f9a8-42af-9415-46e3ede3bce7,fe93e809-9315-466a-90c0-f7329600019e,2,Basement,1992,34,69.06,60
5f9684f0-9b39-4346-8728-d7239b9e82e1,fe93e809-9315-466a-90c0-f7329600019e,3,Superstructure,1989,37,72.2,50
f665782b-b534-4208-81b4-717aeb0a2efb,fe93e809-9315-466a-90c0-f7329600019e,4,Exterior Structure,1956,70,66.27,40
5e3c0acc-35aa-454f-ac54-2c326d24b0b4,fe93e809-9315-466a-90c0-f7329600019e,5,Roofing,1961,65,67.04,20
e7c2ef04-b76c-44e7-bba2-86ecf7bce27b,fe93e809-9315-466a-90c0-f7329600019e,6,Interior Construction,1952,74,72.69,30
516bb9ad-91f8-42d7-97b9-b70d185157ff,fe93e809-9315-466a-90c0-f7329600019e,7,Stairs,2002,24,80.94,40
219a8bc1-0ad9-43f3-99a5-0196a7ec470d,fe93e809-9315-466a-90c0-f7329600019e,8,Interior Finishes,1993,33,52.86,20
03d060fb-25b2-430c-9a28-0341a45eb088,fe93e809-9315-466a-90c0-f7329600019e,9,Conveying,1959,67,59.5,10
3b62f59f-b8a4-4c20-a189-241c3ff9f83b,fe93e809-9315-466a-90c0-f7329600019e,10,Plumbing,2002,24,56.18,30
db2dd6f5-3be3-41b4-88be-99065fa635c4,fe93e809-9315-466a-90c0-f7329600019e,11,Art,1992,34,63.25,10
026960e1-b479-47a4-9f48-5cfc2dc52b35,fe93e809-9315-466a-90c0-f7329600019e,12,HVAC,2003,23,84.03,40
77b4769f-0d11-4638-b4d7-063626e6c722,fe93e809-9315-466a-90c0-f7329600019e,13,Fire Protection,1988,38,68.44,30
b7970597-985b-4ca6-84b2-114fe9efb693,fe93e809-9315-466a-90c0-f7329600019e,14,Electric,1994,32,58.97,40
d4dedf88-86c3-4024-9a0e-b1dd2c4e90a3,fe93e809-9315-466a-90c0-f7329600019e,15,Furnishing,1988,38,69.56,20
5fc83b1b-4ad2-4e8e-a7a2-2565a5187fa6,fe93e809-9315-466a-90c0-f7329600019e,16,Protection,1971,55,58.74,10
3d6f4cf6-9598-428e-917a-f5e6d6f8a878,fe93e809-9315-466a-90c0-f7329600019e,17,Special construction,2009,17,84.7,10
ae6318e3-ed05-4870-a4df-10052e2d5368,fe93e809-9315-466a-90c0-f7329600019e,18,Improvements,1994,32,35.2,10
b452803e-a80d-413c-92ae-8f030b735766,fe93e809-9315-466a-90c0-f7329600019e,19,Utilities,1991,35,78.57,30
41e8c2b2-cb96-4c68-acc3-9afc5a85e894,fe93e809-9315-466a-90c0-f7329600019e,20,Distribution,1988,38,90.14,30
48f31a49-e714-41d6-8a8b-9ef4361ba7ce,fe93e809-9315-466a-90c0-f7329600019e,21,Other Construction,1999,27,55.85,30
f2fdda9a-005c-4a57-94be-fd9606500031,fe93e809-9315-466a-90c0-f7329600019e,22,Special construction2,2000,26,58.14,30
cb75bb5a-68ed-47af-b79a-1b0a17afde5f,afd3d0b5-bd17-4e1f-b113-8bd0634ce5fc,1,Foundation,2011,15,68.98,60
6a6024b5-c645-499c-acaa-be32f78169c8,afd3d0b5-bd17-4e1f-b113-8bd0634ce5fc,3,Superstructure,1990,36,54.71,50
9770a393-64a4-456a-9d47-cacdbb87d24d,afd3d0b5-bd17-4e1f-b113-8bd0634ce5fc,4,Exterior Structure,1962,64,80.31,40
7920a667-44ab-468d-a374-021bc6bdd23e,afd3d0b5-bd17-4e1f-b113-8bd0634ce5fc,5,Roofing,2005,21,61.6,20
8a7c8dda-ff2c-42ef-ae00-7204dcc5056a,afd3d0b5-bd17-4e1f-b113-8bd0634ce5fc,6,Interior Construction,2007,19,77.13,30
e846c3f5-fd3c-4b84-8bfa-571b4ad190f5,afd3d0b5-bd17-4e1f-b113-8bd0634ce5fc,7,Stairs,1982,44,82.25,40
b584e83b-c666-4a48-8ad1-f6ebe00be839,afd3d0b5-bd17-4e1f-b113-8bd0634ce5fc,8,Interior Finishes,2012,14,62.63,20
6b558ad0-fc2f-4616-9901-5ef5be17ec25,afd3d0b5-bd17-4e1f-b113-8bd0634ce5fc,9,Conveying,2014,12,50.11,10
b8821dd9-5d80-4cb8-8534-09e4dc53e54c,afd3d0b5-bd17-4e1f-b113-8bd0634ce5fc,10,Plumbing,2010,16,82.43,30
d995ba29-5b40-48b2-9607-7cfc777e3751,afd3d0b5-bd17-4e1f-b113-8bd0634ce5fc,11,Art,2006,20,72.28,10
2cf33ae4-3c80-4017-b1cc-52dc34199e96,afd3d0b5-bd17-4e1f-b113-8bd0634ce5fc,12,HVAC,2023,3,79.89,40
0edbfed8-e004-46c1-b1db-54cd3072ce2f,afd3d0b5-bd17-4e1f-b113-8bd0634ce5fc,13,Fire Protection,2019,7,71.4,30
39346826-403e-4af6-b60e-4eb1a5a5cd10,afd3d0b5-bd17-4e1f-b113-8bd0634ce5fc,14,Electric,1993,33,65.92,40
314020d7-2d75-446b-b416-635a4ee23ef8,afd3d0b5-bd17-4e1f-b113-8bd0634ce5fc,15,Furnishing,1963,63,51.49,20
27cfb21e-873a-4319-81fe-5e7033bab610,afd3d0b5-bd17-4e1f-b113-8bd0634ce5fc,16,Protection,1992,34,54.18,10
ab4d4480-e3e0-49a7-bf89-cd8e8d37d7ee,afd3d0b5-bd17-4e1f-b113-8bd0634ce5fc,17,Special construction,1958,68,61.14,10
c507322f-a4cb-4951-8b02-7d64834f1bc6,afd3d0b5-bd17-4e1f-b113-8bd0634ce5fc,18,Improvements,2015,11,50.03,10
db1613ec-4b0f-4660-bb54-653c16b32242,afd3d0b5-bd17-4e1f-b113-8bd0634ce5fc,19,Utilities,2004,22,72.51,30
c06dd54b-5a20-48d8-9b2f-6da345272be4,afd3d0b5-bd17-4e1f-b113-8bd0634ce5fc,20,Distribution,1965,61,70.42,30
d0ecd115-dc7b-463e-8fce-4007f474f447,afd3d0b5-bd17-4e1f-b113-8bd0634ce5fc,21,Other Construction,2021,5,51.3,30
22fb0316-61e2-4d50-95c9-b408723cce17,afd3d0b5-bd17-4e1f-b113-8bd0634ce5fc,22,Special construction2,1978,48,76.26,30
f8b81fc8-aa4a-491e-9edb-c0ca965eb259,ce936489-693c-42a8-8154-e268f4561ab4,1,Foundation,1995,31,54.07,60
10db5e0c-998f-4128-afd1-4f19e567732f,ce936489-693c-42a8-8154-e268f4561ab4,3,Superstructure,2018,8,69.54,50
f782330c-9d68-4a69-b875-0ffecb57ed71,ce936489-693c-42a8-8154-e268f4561ab4,4,Exterior Structure,2008,18,62.87,40
6be7ea94-0956-434c-804c-e49ee0fb2818,ce936489-693c-42a8-8154-e268f4561ab4,5,Roofing,1997,29,62.49,20
c0d2dfd3-25f1-4c2e-b773-13a6e92cc3aa,ce936489-693c-42a8-8154-e268f4561ab4,8,Interior Finishes,1991,35,68.71,20
2c3c893f-ffec-4a74-8d35-c8ef49aa7fc7,ce936489-693c-42a8-8154-e268f4561ab4,9,Conveying,2011,15,82.14,10
538e8ffe-6beb-4e2e-8049-b350563cf39f,ce936489-693c-42a8-8154-e268f4561ab4,10,Plumbing,1965,61,64.5,30
0b5ae035-66d4-44bb-8fa8-36a19b79caed,ce936489-693c-42a8-8154-e268f4561ab4,13,Fire Protection,1963,63,76.54,30
572af164-e8f9-4b12-8d71-0fb12cbe6954,ce936489-693c-42a8-8154-e268f4561ab4,14,Electric,1956,70,81.88,40
bcf1438d-3c47-4c38-be9a-0b9832f393d9,ce936489-693c-42a8-8154-e268f4561ab4,16,Protection,2008,18,71.64,10
d1c6d219-7182-4e7b-b0a3-64553330a085,ce936489-693c-42a8-8154-e268f4561ab4,19,Utilities,1962,64,2.34,30
2e86555b-1cbb-4526-b9da-b46d9ed4a5fc,ce936489-693c-42a8-8154-e268f4561ab4,20,Distribution,2007,19,91.82,30
31cfd45c-385d-42f9-a76b-88af40b0c240,ce936489-693c-42a8-8154-e268f4561ab4,21,Other Construction,2023,3,25.41,30
9821440e-1662-4009-a83c-bba7f8a219ac,ce936489-693c-42a8-8154-e268f4561ab4,22,Special construction2,2023,3,67.17,30
f45e6072-811d-478b-a67e-e6f72b1976c4,0628682d-28c1-4e14-a7e2-f987e1b88f61,1,Foundation,2007,19,80.27,60
953d74db-3b3a-4c2a-879d-24fcdc24a15c,0628682d-28c1-4e14-a7e2-f987e1b88f61,3,Superstructure,1992,34,63.65,50
60d13c3b-7386-4939-815a-e75cad29ba35,0628682d-28c1-4e14-a7e2-f987e1b88f61,4,Exterior Structure,1997,29,50.05,40
b6f5b45e-8114-45cd-b5df-5ed9949fa36c,0628682d-28c1-4e14-a7e2-f987e1b88f61,5,Roofing,1947,79,60.71,20
60d27f97-3639-4f0a-8b37-6267822742ed,0628682d-28c1-4e14-a7e2-f987e1b88f61,6,Interior Construction,1989,37,51.83,30
38fb019c-61bb-4a90-b28b-c0438f18f47f,0628682d-28c1-4e14-a7e2-f987e1b88f61,7,Stairs,2000,26,78.81,40
9c760936-e667-4235-b2a8-825897d5a612,0628682d-28c1-4e14-a7e2-f987e1b88f61,8,Interior Finishes,1995,31,62.34,20
489b8ec0-280f-4f11-8a3f-3902c6b3e5a8,0628682d-28c1-4e14-a7e2-f987e1b88f61,9,Conveying,1977,49,74.11,10
f86c89c1-9161-4455-9945-d2e742aa35cc,0628682d-28c1-4e14-a7e2-f987e1b88f61,10,Plumbing,2010,16,63.54,30
cee369cd-98aa-4851-8aa3-e24fb3cf213d,0628682d-28c1-4e14-a7e2-f987e1b88f61,11,Art,2012,14,70.91,10
8db4f2e7-a343-4eb5-bd6b-1cb7e14d743c,0628682d-28c1-4e14-a7e2-f987e1b88f61,12,HVAC,1999,27,74.44,40
b0214cfd-0f44-4320-95c2-1fc161561e87,0628682d-28c1-4e14-a7e2-f987e1b88f61,13,Fire Protection,1998,28,82.76,30
b529ba5a-dbdd-4929-9bc1-c106f610ca1f,0628682d-28c1-4e14-a7e2-f987e1b88f61,14,Electric,1991,35,53.05,40
d785a1d4-84cc-4979-bfdc-d7f2d32db2ea,0628682d-28c1-4e14-a7e2-f987e1b88f61,15,Furnishing,2016,10,57.62,20
b517bbc8-66fc-4f69-9fcb-8b60d76cb53b,0628682d-28c1-4e14-a7e2-f987e1b88f61,16,Protection,2016,10,56.12,10
8d9c5c7c-0f33-43f9-aba1-5a3b92af56d7,0628682d-28c1-4e14-a7e2-f987e1b88f61,17,Special construction,1990,36,52.6,10
0e24ebd1-3bb1-4dba-8b33-af8217c1821d,0628682d-28c1-4e14-a7e2-f987e1b88f61,18,Improvements,2001,25,69.31,10
4f66378d-7f0e-4a29-a554-bb8251da8360,0628682d-28c1-4e14-a7e2-f987e1b88f61,19,Utilities,2024,2,57.23,30
308694df-3142-4864-8a0e-5aac4163424b,0628682d-28c1-4e14-a7e2-f987e1b88f61,20,Distribution,1987,39,78.29,30
05581701-a5b3-4459-8085-affe3127ab68,0628682d-28c1-4e14-a7e2-f987e1b88f61,21,Other Construction,2016,10,84.8,30
8fe3eb01-dbd8-4fec-8a06-739223ca35f9,0628682d-28c1-4e14-a7e2-f987e1b88f61,22,Special construction2,2022,4,69.33,30
82036e6b-d084-4da3-9553-1111565b72aa,776c28a8-c600-4ff2-a331-0452ec5bab26,1,Foundation,2001,25,74.31,60
64fffbb5-3023-4567-9c52-8371d762b47d,776c28a8-c600-4ff2-a331-0452ec5bab26,3,Superstructure,2003,23,52.92,50
8ba6856e-d280-4959-9f34-29f88dd5b14b,776c28a8-c600-4ff2-a331-0452ec5bab26,4,Exterior Structure,2025,1,78.45,40
ff4eddba-3a6d-44f0-a997-ced8dd35d3a9,776c28a8-c600-4ff2-a331-0452ec5bab26,5,Roofing,1965,61,63.4,20
39cd6214-bd4a-46f3-b6b0-a6b16021499b,776c28a8-c600-4ff2-a331-0452ec5bab26,6,Interior Construction,1992,34,76.43,30
322564aa-eb1b-47c6-8231-ef7b199ed3e2,776c28a8-c600-4ff2-a331-0452ec5bab26,8,Interior Finishes,1956,70,50.53,20
72f37083-062c-4250-b419-fc410dd38838,776c28a8-c600-4ff2-a331-0452ec5bab26,9,Conveying,1991,35,55.7,10
f704c69d-ce5b-4e46-991b-f2f73a6a4933,776c28a8-c600-4ff2-a331-0452ec5bab26,10,Plumbing,1998,28,61.64,30
36eef543-ea8e-4f75-a504-858595696639,776c28a8-c600-4ff2-a331-0452ec5bab26,13,Fire Protection,2014,12,81.97,30
e45d143e-b67c-4b11-9bc6-efa085036e60,776c28a8-c600-4ff2-a331-0452ec5bab26,14,Electric,1994,32,62.97,40
406ac61e-65a8-4a13-bbd4-6f7bce11e7ca,776c28a8-c600-4ff2-a331-0452ec5bab26,16,Protection,2001,25,54.17,10
6a00dbd9-6636-4c96-88a9-6499afe25c1c,776c28a8-c600-4ff2-a331-0452ec5bab26,18,Improvements,2004,22,83.92,10
1d99ee60-bdea-4ead-bf52-002a5dd03df3,776c28a8-c600-4ff2-a331-0452ec5bab26,20,Distribution,1996,30,53.65,30
79ff5708-fe1c-4025-b36f-edd451e29b0f,776c28a8-c600-4ff2-a331-0452ec5bab26,21,Other Construction,2009,17,53.38,30
ade12587-cd8b-4318-9478-3e6ea69b7220,776c28a8-c600-4ff2-a331-0452ec5bab26,22,Special construction2,1985,41,28.74,30
b2b1896f-f7c1-45c0-8513-9af0a78cde55,b9aeac8c-b79e-4a2a-9a8c-43459514e0cb,1,Foundation,1995,31,52.38,60
a4efe41c-0ea6-4a39-be73-eae358d77ab8,b9aeac8c-b79e-4a2a-9a8c-43459514e0cb,2,Basement,2008,18,73.66,60
9d196668-a479-4eb4-9535-edfd48483d15,b9aeac8c-b79e-4a2a-9a8c-43459514e0cb,3,Superstructure,2004,22,69.87,50
657fbffe-1fbf-428c-b43b-8e17af30ce9f,b9aeac8c-b79e-4a2a-9a8c-43459514e0cb,4,Exterior Structure,2013,13,28.35,40
b5985e96-6769-4d7b-acb9-fc46f4f02ef0,b9aeac8c-b79e-4a2a-9a8c-43459514e0cb,5,Roofing,2014,12,92.72,20
75517780-8f4a-4a0c-96a5-b820cf1cdb6b,b9aeac8c-b79e-4a2a-9a8c-43459514e0cb,6,Interior Construction,1988,38,52.23,30
abc3f8c9-0373-476f-a76c-5c8de3dc4b5c,b9aeac8c-b79e-4a2a-9a8c-43459514e0cb,7,Stairs,2013,13,83.54,40
be858329-d083-48a8-9a46-5948a67544fa,b9aeac8c-b79e-4a2a-9a8c-43459514e0cb,8,Interior Finishes,1954,72,62.92,20
cd906f5c-12a5-4bfa-996d-2a2eab766531,b9aeac8c-b79e-4a2a-9a8c-43459514e0cb,9,Conveying,1949,77,58.05,10
62cab7f2-bf24-491f-83fe-4e0c199521b6,b9aeac8c-b79e-4a2a-9a8c-43459514e0cb,10,Plumbing,2005,21,54.26,30
3a081ad1-d82b-40b0-82c9-88de0f7c4409,b9aeac8c-b79e-4a2a-9a8c-43459514e0cb,12,HVAC,1997,29,64.45,40
673a7396-61fd-4aa8-a441-917951f1c1f2,b9aeac8c-b79e-4a2a-9a8c-43459514e0cb,13,Fire Protection,1993,33,70.93,30
b4851d35-0c2a-4bbd-baa3-f6c5933cd6d6,b9aeac8c-b79e-4a2a-9a8c-43459514e0cb,14,Electric,2018,8,1.75,40
a1bb77d4-e4ab-4e2a-ade2-8a07c6d7aacc,b9aeac8c-b79e-4a2a-9a8c-43459514e0cb,15,Furnishing,2014,12,66.4,20
220cdada-6173-4532-a821-89a9e13cda24,b9aeac8c-b79e-4a2a-9a8c-43459514e0cb,16,Protection,1962,64,54.12,10
3c8cac9f-74f4-4a18-85cf-6e382d3e06e9,b9aeac8c-b79e-4a2a-9a8c-43459514e0cb,17,Special construction,2015,11,51.45,10
546c8a22-9a73-4bd7-95d2-15ffc3db55cb,b9aeac8c-b79e-4a2a-9a8c-43459514e0cb,18,Improvements,1995,31,55.48,10
0548ae5a-747a-4c4f-b8a3-3969bec3d149,b9aeac8c-b79e-4a2a-9a8c-43459514e0cb,19,Utilities,1996,30,56.0,30
56185665-3190-4ad7-853b-60a140ad4932,b9aeac8c-b79e-4a2a-9a8c-43459514e0cb,20,Distribution,2000,26,97.41,30
05c9bbe9-750c-43d6-835a-68e2e54466c4,b9aeac8c-b79e-4a2a-9a8c-43459514e0cb,21,Other Construction,2004,22,10.49,30
bc3be9d8-8e88-48a8-baa1-e0b9511047ee,b9aeac8c-b79e-4a2a-9a8c-43459514e0cb,22,Special construction2,2025,1,59.8,30
60ffa1ba-ed29-4d09-aa3e-db3490abc4c8,811d4c58-b917-48aa-ba6d-23523af8a705,1,Foundation,2026,0,81.99,60
606acf57-7d7e-4634-84cc-94b9ad8600a4,811d4c58-b917-48aa-ba6d-23523af8a705,2,Basement,1995,31,83.87,60
bc7a1109-51d0-4056-9839-acb9812582f4,811d4c58-b917-48aa-ba6d-23523af8a705,3,Superstructure,1968,58,51.83,50
a31333a5-75d8-4cd5-9b49-dffa1bfded3f,811d4c58-b917-48aa-ba6d-23523af8a705,4,Exterior Structure,2019,7,60.97,40
25a096b2-31ab-46f5-b507-a1589baa6523,811d4c58-b917-48aa-ba6d-23523af8a705,5,Roofing,2004,22,53.6,20
05eb2e05-20f3-4c32-b43e-819405411bf2,811d4c58-b917-48aa-ba6d-23523af8a705,6,Interior Construction,2009,17,77.91,30
29bd4965-51b6-402c-ac1a-e361a10f6800,811d4c58-b917-48aa-ba6d-23523af8a705,7,Stairs,2003,23,50.02,40
08121545-aee2-4865-8096-07210825d399,811d4c58-b917-48aa-ba6d-23523af8a705,8,Interior Finishes,2024,2,58.38,20
5e5ba348-7e75-474c-9b35-dea5db734d1a,811d4c58-b917-48aa-ba6d-23523af8a705,9,Conveying,2005,21,55.75,10
c7e4f695-00db-4348-b17b-5ae59fc9972f,811d4c58-b917-48aa-ba6d-23523af8a705,10,Plumbing,1995,31,82.66,30
1603a7f6-5333-4da5-9674-240a6b5872d3,811d4c58-b917-48aa-ba6d-23523af8a705,12,HVAC,2007,19,82.39,40
186cc4bc-2118-4243-b415-a1165bb7015f,811d4c58-b917-48aa-ba6d-23523af8a705,13,Fire Protection,1994,32,70.06,30
6b8460b6-8c45-49a1-a02d-1ab0d04fa17f,811d4c58-b917-48aa-ba6d-23523af8a705,14,Electric,2000,26,64.05,40
541d0229-7785-4211-b149-def4fdc66a1e,811d4c58-b917-48aa-ba6d-23523af8a705,15,Furnishing,2001,25,83.28,20
714ae9f3-26da-449c-85ca-40854df3f29c,811d4c58-b917-48aa-ba6d-23523af8a705,16,Protection,2008,18,72.62,10
c2d5f4ca-9afa-4028-b68d-b034c5244b03,811d4c58-b917-48aa-ba6d-23523af8a705,17,Special construction,1961,65,63.38,10
c5debef1-6ffb-425e-8408-b5211dce7258,811d4c58-b917-48aa-ba6d-23523af8a705,18,Improvements,1995,31,56.29,10
e3ef52fb-b8bc-447c-a4aa-bb6cdad4cf2e,811d4c58-b917-48aa-ba6d-23523af8a705,19,Utilities,1995,31,56.92,30
5c45e8e1-c223-4fe6-af2b-e83ac848f501,811d4c58-b917-48aa-ba6d-23523af8a705,20,Distribution,1983,43,84.61,30
ed24d411-794e-4c52-8a65-fb424b4ddb98,811d4c58-b917-48aa-ba6d-23523af8a705,21,Other Construction,1998,28,27.73,30
8152370a-ebd6-4a97-815b-d7f7ee4cb5cf,811d4c58-b917-48aa-ba6d-23523af8a705,22,Special construction2,1989,37,66.78,30
37b98c26-73b0-4922-ac74-77c81bcd8d91,cf9c45a3-c908-46a3-8742-e8258ba392af,1,Foundation,2022,4,64.16,60
65c51933-d0bb-42cc-aeae-b2465e710d95,cf9c45a3-c908-46a3-8742-e8258ba392af,2,Basement,1989,37,81.3,60
f204d9aa-5e60-4dc4-b513-1f2b74073cf3,cf9c45a3-c908-46a3-8742-e8258ba392af,3,Superstructure,1990,36,53.76,50
25be076e-97c8-457d-9361-c6d2f7c9789f,cf9c45a3-c908-46a3-8742-e8258ba392af,4,Exterior Structure,1994,32,63.72,40
ba3422ed-7034-4063-a86f-dd4a23a1c9a6,cf9c45a3-c908-46a3-8742-e8258ba392af,5,Roofing,1988,38,97.81,20
d8f98fbe-1070-4891-b0b8-a40786addc23,cf9c45a3-c908-46a3-8742-e8258ba392af,6,Interior Construction,2002,24,52.34,30
bd0db16e-44b3-4096-985e-4f6ea4212d08,cf9c45a3-c908-46a3-8742-e8258ba392af,7,Stairs,2002,24,73.99,40
b2837f47-7a8f-4cdc-a825-279aca0f5e7e,cf9c45a3-c908-46a3-8742-e8258ba392af,8,Interior Finishes,1990,36,78.8,20
6f297c5c-02ec-4eb3-97e5-c771054d0de0,cf9c45a3-c908-46a3-8742-e8258ba392af,9,Conveying,2018,8,51.97,10
09e99a4a-9e54-4e0e-a038-1f5d326f4b76,cf9c45a3-c908-46a3-8742-e8258ba392af,10,Plumbing,1981,45,81.85,30
c0e1f922-5d23-4f54-894e-cb9130974214,cf9c45a3-c908-46a3-8742-e8258ba392af,11,Art,2007,19,70.1,10
a9887606-d80c-4f91-97be-f2004904c835,cf9c45a3-c908-46a3-8742-e8258ba392af,12,HVAC,2012,14,53.02,40
0e87c7f0-ff0c-4164-bf27-d5dd6c48d762,cf9c45a3-c908-46a3-8742-e8258ba392af,13,Fire Protection,2004,22,51.92,30
d3b8cc39-afe3-40c1-b1d1-f972f697f990,cf9c45a3-c908-46a3-8742-e8258ba392af,14,Electric,1963,63,76.21,40
448d3f21-4a08-4dac-9c88-1c29b71843d9,cf9c45a3-c908-46a3-8742-e8258ba392af,15,Furnishing,1955,71,62.09,20
be9aafb8-5707-48eb-8bce-299bd016802b,cf9c45a3-c908-46a3-8742-e8258ba392af,16,Protection,2012,14,75.97,10
9f7a04bd-d4f9-4d2f-b6f8-37248ebbdd81,cf9c45a3-c908-46a3-8742-e8258ba392af,18,Improvements,2022,4,81.12,10
2297407e-93ee-48a6-ae36-095e14e1f085,cf9c45a3-c908-46a3-8742-e8258ba392af,19,Utilities,1998,28,56.33,30
8e14389e-70b5-4a3b-87e5-78f57a73d02e,cf9c45a3-c908-46a3-8742-e8258ba392af,20,Distribution,2020,6,53.59,30
492449f2-45cd-443e-a3ae-5b1af149d9d8,cf9c45a3-c908-46a3-8742-e8258ba392af,21,Other Construction,2008,18,46.33,30
c7aa73ab-0193-4364-bd05-36551e4f5ea3,cf9c45a3-c908-46a3-8742-e8258ba392af,22,Special construction2,2006,20,73.66,30
9eaab1b6-ae55-4d9c-aec4-72fa1c2733d8,2a68db9c-888d-4cb9-afba-58c3ccd50830,1,Foundation,1997,29,68.3,60
9ac65782-3038-482a-a684-04d299004e38,2a68db9c-888d-4cb9-afba-58c3ccd50830,2,Basement,2006,20,20.86,60
22099b74-be55-4864-a00e-02fa7d8a443b,2a68db9c-888d-4cb9-afba-58c3ccd50830,3,Superstructure,2019,7,52.08,50
a468d723-c3c6-49e3-87e8-44e1dc3a35d2,2a68db9c-888d-4cb9-afba-58c3ccd50830,4,Exterior Structure,2018,8,66.11,40
0b660a81-1d92-44b0-b5a5-002919bd500a,2a68db9c-888d-4cb9-afba-58c3ccd50830,5,Roofing,1974,52,62.19,20
db7549a7-9c87-4bea-ad6a-40a0da78fc4c,2a68db9c-888d-4cb9-afba-58c3ccd50830,6,Interior Construction,1971,55,65.46,30
6f76574b-31ad-4d27-9050-8a0a07e3f00f,2a68db9c-888d-4cb9-afba-58c3ccd50830,7,Stairs,1993,33,73.02,40
43cd9f96-5325-4d90-903f-158edaaa4ad7,2a68db9c-888d-4cb9-afba-58c3ccd50830,8,Interior Finishes,2007,19,78.97,20
41359d59-a852-4d7e-84e9-0c11aae6b9b0,2a68db9c-888d-4cb9-afba-58c3ccd50830,9,Conveying,2014,12,67.82,10
5ba2e259-168a-48e9-a868-62e9f50182a6,2a68db9c-888d-4cb9-afba-58c3ccd50830,10,Plumbing,1949,77,75.25,30
70197d96-dd42-46ea-8069-10367326def4,2a68db9c-888d-4cb9-afba-58c3ccd50830,12,HVAC,2015,11,49.69,40
cad70b2f-a6ee-43aa-b996-bdf74a9a95cd,2a68db9c-888d-4cb9-afba-58c3ccd50830,13,Fire Protection,2004,22,75.3,30
e7cc30d4-8e6e-425f-b1eb-d9b0350f0fc8,2a68db9c-888d-4cb9-afba-58c3ccd50830,14,Electric,1987,39,64.23,40
8ec45e86-37fa-4565-9eee-9e29774ab3f8,2a68db9c-888d-4cb9-afba-58c3ccd50830,15,Furnishing,2006,20,62.39,20
5d9c8d51-b8f6-4613-9a9b-8fee344bfce5,2a68db9c-888d-4cb9-afba-58c3ccd50830,16,Protection,1989,37,60.38,10
0b0a6356-58a4-4b20-94e9-447c91147773,2a68db9c-888d-4cb9-afba-58c3ccd50830,17,Special construction,1953,73,84.47,10
5991bb85-c678-44a2-833c-90ffa637b643,2a68db9c-888d-4cb9-afba-58c3ccd50830,18,Improvements,1989,37,76.74,10
1101849b-0cf9-467e-a107-20f3d62621d4,2a68db9c-888d-4cb9-afba-58c3ccd50830,19,Utilities,1976,50,60.59,30
483a8fb9-0d02-456b-bb59-b39b8b7f32e2,2a68db9c-888d-4cb9-afba-58c3ccd50830,20,Distribution,1989,37,84.37,30
71cf661f-bab8-44f5-816e-181f77677378,2a68db9c-888d-4cb9-afba-58c3ccd50830,21,Other Construction,2019,7,80.01,30
b468488f-5d5e-4c9f-8cef-b421db4deb56,2a68db9c-888d-4cb9-afba-58c3ccd50830,22,Special construction2,2024,2,63.93,30
6bc31a68-85d4-4981-9bb5-ea465d88a9c6,bcae54bb-679b-4d5f-8761-b4e9dc2ded17,1,Foundation,2007,19,22.32,60
e3f6b222-a3d2-428b-9866-bbf22294c596,bcae54bb-679b-4d5f-8761-b4e9dc2ded17,2,Basement,1951,75,71.78,60
91d609e8-e971-4497-b940-89de2438890b,bcae54bb-679b-4d5f-8761-b4e9dc2ded17,3,Superstructure,2003,23,79.59,50
23e6e5c7-2913-4221-bafb-8bca9e47cd3f,bcae54bb-679b-4d5f-8761-b4e9dc2ded17,4,Exterior Structure,1989,37,60.04,40
c2838fd8-b998-4abe-b1bf-f8365a958597,bcae54bb-679b-4d5f-8761-b4e9dc2ded17,5,Roofing,1969,57,70.84,20
8d363d6d-1fec-485c-8a7a-3988ddb4a03c,bcae54bb-679b-4d5f-8761-b4e9dc2ded17,6,Interior Construction,2024,2,70.97,30
c5d580b6-a4a7-4308-992d-60b7aa0b8782,bcae54bb-679b-4d5f-8761-b4e9dc2ded17,7,Stairs,2012,14,66.95,40
a7881d67-40e5-49e3-9fea-3f75cbe531e3,bcae54bb-679b-4d5f-8761-b4e9dc2ded17,8,Interior Finishes,1951,75,52.27,20
c13d5cd2-1547-46d5-a306-fe9dfe7c46b9,bcae54bb-679b-4d5f-8761-b4e9dc2ded17,9,Conveying,2010,16,84.29,10
85b48075-3edd-4731-8f91-7bb309753dba,bcae54bb-679b-4d5f-8761-b4e9dc2ded17,10,Plumbing,1956,70,80.04,30
bd145882-1e88-427b-8aa4-803f234f26d9,bcae54bb-679b-4d5f-8761-b4e9dc2ded17,12,HVAC,1984,42,82.71,40
36be31c1-b7a2-46ea-90f3-e68b3062013b,bcae54bb-679b-4d5f-8761-b4e9dc2ded17,13,Fire Protection,1993,33,95.54,30
caeda3e3-34ab-4ee4-81cf-e64fa0b02140,bcae54bb-679b-4d5f-8761-b4e9dc2ded17,14,Electric,1959,67,62.67,40
301ce846-bf8a-460b-81d1-e63a82d12de3,bcae54bb-679b-4d5f-8761-b4e9dc2ded17,15,Furnishing,1988,38,53.04,20
8876c040-4e69-473f-a5f8-2c2acb1478c7,bcae54bb-679b-4d5f-8761-b4e9dc2ded17,16,Protection,2023,3,98.2,10
c8fea3d0-d432-4409-a3c7-c1dd6bc6c918,bcae54bb-679b-4d5f-8761-b4e9dc2ded17,18,Improvements,2025,1,74.63,10
0b7a10e0-d76a-400e-8a66-0654cec7059c,bcae54bb-679b-4d5f-8761-b4e9dc2ded17,19,Utilities,1991,35,60.28,30
d063d01e-8241-4d35-bd9e-d9e7516aa8f3,bcae54bb-679b-4d5f-8761-b4e9dc2ded17,20,Distribution,1997,29,73.93,30
694d8095-8854-4adc-895e-b116fc541ab7,bcae54bb-679b-4d5f-8761-b4e9dc2ded17,21,Other Construction,1952,74,56.72,30
39c74a96-366e-42b0-a71c-b46e6dfe3bc6,bcae54bb-679b-4d5f-8761-b4e9dc2ded17,22,Special construction2,2005,21,69.05,30
aab4c9dc-c3aa-4e73-836e-99795868c034,7075a468-f0fd-43a3-8292-da81489eca7e,1,Foundation,1956,70,33.67,60
8f1c5843-f1be-4de1-8c64-d64aa17e16d8,7075a468-f0fd-43a3-8292-da81489eca7e,2,Basement,2000,26,75.58,60
975b851a-40fd-4398-929b-02f218b0e613,7075a468-f0fd-43a3-8292-da81489eca7e,3,Superstructure,2003,23,49.32,50
0a2b7f9e-77e4-4f8b-b2c9-3bcfc5be87d0,7075a468-f0fd-43a3-8292-da81489eca7e,4,Exterior Structure,2026,0,84.26,40
96134656-f35a-480e-ba12-80f42d1b4a3e,7075a468-f0fd-43a3-8292-da81489eca7e,5,Roofing,2018,8,71.66,20
7e9163f2-975f-4ece-9d92-4fd188211e04,7075a468-f0fd-43a3-8292-da81489eca7e,6,Interior Construction,2004,22,64.22,30
31e46dd8-72e8-4bdc-b2a2-10798cda1666,7075a468-f0fd-43a3-8292-da81489eca7e,7,Stairs,1992,34,68.17,40
d114c0b2-3481-4756-9a74-bba568ddc690,7075a468-f0fd-43a3-8292-da81489eca7e,8,Interior Finishes,1990,36,76.28,20
0f18dbc0-3413-4e4c-8f7f-5db4cf8a1cab,7075a468-f0fd-43a3-8292-da81489eca7e,9,Conveying,2026,0,61.3,10
e488ded7-c5ba-4df5-a6a9-b307ff8a48fc,7075a468-f0fd-43a3-8292-da81489eca7e,10,Plumbing,2011,15,74.33,30
a94f546e-e7c6-48d5-ae86-6d8ab9392ebe,7075a468-f0fd-43a3-8292-da81489eca7e,12,HVAC,1998,28,50.75,40
e603e0fe-0e6c-4e3d-884f-ba60f3793645,7075a468-f0fd-43a3-8292-da81489eca7e,13,Fire Protection,1994,32,53.64,30
a0c87490-bcc9-466e-83cc-2ccb970258a1,7075a468-f0fd-43a3-8292-da81489eca7e,14,Electric,1999,27,91.29,40
258cc1ef-bbd2-49bf-a586-5afdc804ba88,7075a468-f0fd-43a3-8292-da81489eca7e,15,Furnishing,1990,36,64.64,20
c8c9a9b5-5455-497d-a187-3356adb9261d,7075a468-f0fd-43a3-8292-da81489eca7e,16,Protection,2020,6,70.92,10
26390d84-2564-473f-a1d3-327c65cdad49,7075a468-f0fd-43a3-8292-da81489eca7e,18,Improvements,1990,36,78.77,10
178a4213-f1ae-4315-a3f0-cff4f0f53422,7075a468-f0fd-43a3-8292-da81489eca7e,19,Utilities,1967,59,77.47,30
d8a11d1c-1a7c-4baa-b15e-728a350a0264,7075a468-f0fd-43a3-8292-da81489eca7e,20,Distribution,1990,36,56.19,30
6b063419-af48-4e91-af4d-171fe1cb0414,7075a468-f0fd-43a3-8292-da81489eca7e,21,Other Construction,1997,29,69.76,30
1b55df20-e0da-431c-8f9c-e7d53898a608,7075a468-f0fd-43a3-8292-da81489eca7e,22,Special construction2,2004,22,63.32,30
0815c6d0-8a37-40e6-a499-b6271ac2ac32,ba051c0a-c89e-4a1b-8318-ddbef73981b6,1,Foundation,2019,7,70.04,60
83e6ef89-a648-439d-9342-bcb90ff8ad39,ba051c0a-c89e-4a1b-8318-ddbef73981b6,2,Basement,2008,18,70.05,60
bb3e8745-5827-406a-8e60-2bcc66e55430,ba051c0a-c89e-4a1b-8318-ddbef73981b6,3,Superstructure,1996,30,69.49,50
9b9bfee2-a8bf-467b-999d-85b396745746,ba051c0a-c89e-4a1b-8318-ddbef73981b6,4,Exterior Structure,2000,26,69.72,40
f177b115-5c37-4ee5-b242-3dd0bcb69d1d,ba051c0a-c89e-4a1b-8318-ddbef73981b6,5,Roofing,2016,10,60.93,20
2cbe40bd-4f33-47bf-8c24-67e4debec138,ba051c0a-c89e-4a1b-8318-ddbef73981b6,6,Interior Construction,1990,36,76.54,30
f6ab05df-7337-48ad-bf77-c6e91a800b76,ba051c0a-c89e-4a1b-8318-ddbef73981b6,7,Stairs,2011,15,56.46,40
f8573213-1275-4d7f-8490-ec1a360b7352,ba051c0a-c89e-4a1b-8318-ddbef73981b6,8,Interior Finishes,2002,24,81.07,20
3604f395-aed2-4564-9ff1-ca89bd0b0736,ba051c0a-c89e-4a1b-8318-ddbef73981b6,9,Conveying,2009,17,56.3,10
830d3d9c-1895-43b1-b7ae-473c4b5a57c4,ba051c0a-c89e-4a1b-8318-ddbef73981b6,10,Plumbing,2018,8,76.15,30
306be0a2-816e-4b48-8e55-0782c49b602e,ba051c0a-c89e-4a1b-8318-ddbef73981b6,12,HVAC,1993,33,75.51,40
1b07f730-db83-4f99-8e8f-dedd6d6614dc,ba051c0a-c89e-4a1b-8318-ddbef73981b6,13,Fire Protection,2008,18,82.66,30
05bef35b-63e5-4626-bb29-79fd0e909eca,ba051c0a-c89e-4a1b-8318-ddbef73981b6,14,Electric,1985,41,56.12,40
af41f3fe-6696-4beb-b9a0-4f8bbbf0ffa5,ba051c0a-c89e-4a1b-8318-ddbef73981b6,15,Furnishing,2006,20,97.14,20
ae668533-f8ae-4d9c-ab1c-434caf5c2f32,ba051c0a-c89e-4a1b-8318-ddbef73981b6,16,Protection,1996,30,80.63,10
a920938b-88c3-450b-825e-be3ec0e37479,ba051c0a-c89e-4a1b-8318-ddbef73981b6,18,Improvements,1999,27,57.3,10
07c66cb8-9f01-4563-bb2a-5a1d35de1343,ba051c0a-c89e-4a1b-8318-ddbef73981b6,19,Utilities,2019,7,74.31,30
92d010a4-0d07-43e9-a337-49c4ab0a9492,ba051c0a-c89e-4a1b-8318-ddbef73981b6,20,Distribution,2000,26,32.52,30
70bd80f3-9bd0-456d-af4a-3dd529f99b08,ba051c0a-c89e-4a1b-8318-ddbef73981b6,21,Other Construction,1991,35,62.51,30
88e4ec6e-b0f0-49b9-bf5d-cfb92b416764,ba051c0a-c89e-4a1b-8318-ddbef73981b6,22,Special construction2,2021,5,84.19,30
dda270f9-ec2b-4f83-a15c-a9cb522969fc,18e805fd-64b4-45ca-afd6-17077c3e4138,1,Foundation,1996,30,74.44,60
92b0ca66-7799-4938-a0a6-a8c2daa72796,18e805fd-64b4-45ca-afd6-17077c3e4138,3,Superstructure,1987,39,75.36,50
ef1d6133-9057-429f-a2de-16be8446ebf9,18e805fd-64b4-45ca-afd6-17077c3e4138,4,Exterior Structure,1969,57,59.8,40
f3109356-837e-4075-bab1-63fc6682265e,18e805fd-64b4-45ca-afd6-17077c3e4138,5,Roofing,2006,20,55.52,20
f99caae4-d1e4-487e-b575-db8009459c5b,18e805fd-64b4-45ca-afd6-17077c3e4138,6,Interior Construction,1971,55,1.59,30
f457f122-9b76-4905-adea-818271994d75,18e805fd-64b4-45ca-afd6-17077c3e4138,8,Interior Finishes,2007,19,84.08,20
c3cbaabc-de9b-415f-9eda-8d49bd85089e,18e805fd-64b4-45ca-afd6-17077c3e4138,9,Conveying,2012,14,52.09,10
dda66b86-b903-4b98-85e5-8f412d667cee,18e805fd-64b4-45ca-afd6-17077c3e4138,10,Plumbing,1987,39,66.27,30
719a00cd-9b5b-4641-9de0-3596668a0735,18e805fd-64b4-45ca-afd6-17077c3e4138,13,Fire Protection,1994,32,60.21,30
f87e2c3d-2280-4b7a-8771-97c085ba0c2f,18e805fd-64b4-45ca-afd6-17077c3e4138,14,Electric,2020,6,45.74,40
4b3244af-f32c-46ad-92d0-d46973b38ee1,18e805fd-64b4-45ca-afd6-17077c3e4138,16,Protection,1948,78,79.91,10
6830e89a-b0c6-4137-8c47-7c62a32d53d6,18e805fd-64b4-45ca-afd6-17077c3e4138,18,Improvements,2024,2,64.91,10
7ee8df1a-6094-441b-bedd-81eb41e528c2,18e805fd-64b4-45ca-afd6-17077c3e4138,20,Distribution,2023,3,51.85,30
095c3768-32a9-480f-8868-dad2144366c7,18e805fd-64b4-45ca-afd6-17077c3e4138,21,Other Construction,1987,39,62.73,30
bfee7fb1-87f5-4c2c-bc07-66e695b13f89,18e805fd-64b4-45ca-afd6-17077c3e4138,22,Special construction2,2004,22,56.3,30
9dd09b0a-0aae-4f34-a33c-0839f8bdff5e,9bb792fb-f762-4abd-b0c8-46b6f13d9f2b,1,Foundation,1998,28,84.03,60
e099a9b3-8b9c-4586-a905-7683c0e7af51,9bb792fb-f762-4abd-b0c8-46b6f13d9f2b,2,Basement,1950,76,73.61,60
4a52c9ee-f1ad-4ac4-86f9-3db176035318,9bb792fb-f762-4abd-b0c8-46b6f13d9f2b,3,Superstructure,2008,18,77.38,50
09f790f3-ab9d-4096-a4c5-9b86ed9348e2,9bb792fb-f762-4abd-b0c8-46b6f13d9f2b,4,Exterior Structure,2004,22,40.83,40
549d201e-150d-4278-bc8e-efe579e291db,9bb792fb-f762-4abd-b0c8-46b6f13d9f2b,5,Roofing,2010,16,52.77,20
6c9d6518-0067-4246-ae83-f899ff6ff427,9bb792fb-f762-4abd-b0c8-46b6f13d9f2b,6,Interior Construction,2013,13,53.33,30
e8ed13e9-e607-4f3a-ab6b-598cdf46d1c1,9bb792fb-f762-4abd-b0c8-46b6f13d9f2b,7,Stairs,1967,59,71.88,40
44785e44-b778-4e37-8fbd-84ef17fc2041,9bb792fb-f762-4abd-b0c8-46b6f13d9f2b,8,Interior Finishes,1949,77,36.59,20
c27df875-d91c-4d9e-a593-576384375fcc,9bb792fb-f762-4abd-b0c8-46b6f13d9f2b,9,Conveying,2007,19,54.05,10
f962794e-342a-4ff3-94bb-1858af908217,9bb792fb-f762-4abd-b0c8-46b6f13d9f2b,10,Plumbing,1981,45,53.24,30
7e721fcc-642c-423a-9063-6467308166ec,9bb792fb-f762-4abd-b0c8-46b6f13d9f2b,12,HVAC,2025,1,82.75,40
73ccee53-d616-4e28-85bc-d5b8571f0332,9bb792fb-f762-4abd-b0c8-46b6f13d9f2b,13,Fire Protection,2012,14,78.09,30
d4953546-f528-48fa-aa19-3d58d64f3d12,9bb792fb-f762-4abd-b0c8-46b6f13d9f2b,14,Electric,1991,35,67.35,40
be36942d-88ba-4bbf-8c6b-0479dc619844,9bb792fb-f762-4abd-b0c8-46b6f13d9f2b,15,Furnishing,1990,36,78.51,20
449f4c92-cfc4-43c5-aada-1f049753606e,9bb792fb-f762-4abd-b0c8-46b6f13d9f2b,16,Protection,2006,20,61.07,10
6784e3eb-c646-4677-b57c-a578186eac1f,9bb792fb-f762-4abd-b0c8-46b6f13d9f2b,17,Special construction,2005,21,78.93,10
e89762d5-070b-4d0b-81f2-43e38a5068ce,9bb792fb-f762-4abd-b0c8-46b6f13d9f2b,18,Improvements,1996,30,28.52,10
a82e2ac2-53fe-4831-8c4a-dcb664bac8dc,9bb792fb-f762-4abd-b0c8-46b6f13d9f2b,19,Utilities,1997,29,80.38,30
e76afd48-7336-496a-bc78-36c97f33a0b0,9bb792fb-f762-4abd-b0c8-46b6f13d9f2b,20,Distribution,2009,17,79.1,30
db92a2f9-1fec-46fe-bdfd-eca283d5d91c,9bb792fb-f762-4abd-b0c8-46b6f13d9f2b,21,Other Construction,1981,45,74.6,30
a4db02b3-dda7-4b00-a9ee-e24b71ea0143,9bb792fb-f762-4abd-b0c8-46b6f13d9f2b,22,Special construction2,2013,13,67.25,30
b1c2c719-c892-48d3-b5a6-39c2a5949aa5,d80fa03d-5753-4551-acb3-b2a69102aa5b,1,Foundation,1991,35,63.18,60
e3feee61-df37-4273-8c3a-1ceefc73c73a,d80fa03d-5753-4551-acb3-b2a69102aa5b,3,Superstructure,2013,13,70.59,50
7437fe4f-67c8-4cb1-a0fc-dcfd467593e5,d80fa03d-5753-4551-acb3-b2a69102aa5b,4,Exterior Structure,2006,20,84.23,40
48088753-6313-4c2f-84da-a4650051bb64,d80fa03d-5753-4551-acb3-b2a69102aa5b,5,Roofing,1974,52,64.76,20
cbe5834b-c2b2-4a9b-92ef-cdf8c3014d23,d80fa03d-5753-4551-acb3-b2a69102aa5b,6,Interior Construction,2001,25,53.05,30
85e4976a-7542-437f-8e63-5f19a601b9db,d80fa03d-5753-4551-acb3-b2a69102aa5b,7,Stairs,1992,34,78.54,40
879e2acc-365e-4aac-8c9e-11cc66fe15e4,d80fa03d-5753-4551-acb3-b2a69102aa5b,8,Interior Finishes,2001,25,15.27,20
ed2ee583-8e93-45b7-8ccb-a5bf6e6a8d75,d80fa03d-5753-4551-acb3-b2a69102aa5b,9,Conveying,2016,10,50.12,10
17e909a8-08d3-429c-9a34-637f3b5ec32c,d80fa03d-5753-4551-acb3-b2a69102aa5b,10,Plumbing,1989,37,82.91,30
2da8b229-5429-492d-aa8d-bcfc53da383a,d80fa03d-5753-4551-acb3-b2a69102aa5b,12,HVAC,1958,68,57.63,40
b135e13d-815c-4a7e-b45b-25151e552b46,d80fa03d-5753-4551-acb3-b2a69102aa5b,13,Fire Protection,1985,41,67.62,30
fa044a43-07e0-4727-8e2e-7a8fb73f6b6e,d80fa03d-5753-4551-acb3-b2a69102aa5b,14,Electric,1965,61,61.9,40
cdc558ef-e654-4725-85ba-5dac76c84d22,d80fa03d-5753-4551-acb3-b2a69102aa5b,15,Furnishing,2010,16,56.61,20
7bc4b0ab-27d5-4c54-9d70-f1c2633dce89,d80fa03d-5753-4551-acb3-b2a69102aa5b,16,Protection,2012,14,52.61,10
98315f88-8ec0-4a31-b165-39bb5b69afbb,d80fa03d-5753-4551-acb3-b2a69102aa5b,18,Improvements,1966,60,50.95,10
2cbeeb9c-1fc3-4614-9a22-9f1a93a11f12,d80fa03d-5753-4551-acb3-b2a69102aa5b,19,Utilities,1994,32,53.84,30
5cd3dbaa-793b-4cc5-a800-d43091facfe2,d80fa03d-5753-4551-acb3-b2a69102aa5b,20,Distribution,2001,25,37.28,30
b1e3e0f0-137c-4dab-bdae-4de9ac6f9e47,d80fa03d-5753-4551-acb3-b2a69102aa5b,21,Other Construction,2001,25,60.23,30
70583802-80af-4903-aaa0-4cd880324705,d80fa03d-5753-4551-acb3-b2a69102aa5b,22,Special construction2,1988,38,80.54,30
ba403914-3a6e-4864-a0d5-ad227807cce7,ba9365b6-e8c2-4108-beaf-524d5c004436,1,Foundation,1991,35,82.77,60
5090d3d0-de6e-4bd6-8f99-62106460d117,ba9365b6-e8c2-4108-beaf-524d5c004436,2,Basement,1993,33,51.16,60
1febd8c9-1109-43a0-93b8-f76e0148f859,ba9365b6-e8c2-4108-beaf-524d5c004436,3,Superstructure,2010,16,59.91,50
c6e32807-1a3e-4fbf-a006-a896f66122b5,ba9365b6-e8c2-4108-beaf-524d5c004436,4,Exterior Structure,1976,50,4.3,40
ff448629-2bcb-41ee-a273-4df550fa9abf,ba9365b6-e8c2-4108-beaf-524d5c004436,5,Roofing,1996,30,77.77,20
e3a30f0e-8480-46de-af42-b98932122c55,ba9365b6-e8c2-4108-beaf-524d5c004436,6,Interior Construction,1966,60,63.05,30
eb62d1ac-aead-454c-9216-1f5f61eb3e7d,ba9365b6-e8c2-4108-beaf-524d5c004436,7,Stairs,1992,34,62.02,40
c4ec6a0e-7f9d-4688-b610-23500ab8517f,ba9365b6-e8c2-4108-beaf-524d5c004436,8,Interior Finishes,2007,19,84.08,20
aca1019f-eaf5-4326-896b-15ae7927aa4f,ba9365b6-e8c2-4108-beaf-524d5c004436,9,Conveying,1990,36,72.25,10
7a0b4029-e0d1-4e0e-a76a-61974b81077f,ba9365b6-e8c2-4108-beaf-524d5c004436,10,Plumbing,2000,26,50.48,30
5fd1de13-c614-47e3-b924-315b60c406fa,ba9365b6-e8c2-4108-beaf-524d5c004436,12,HVAC,2014,12,65.37,40
3866fb97-0b62-42cd-b49e-68f7449bd4ca,ba9365b6-e8c2-4108-beaf-524d5c004436,13,Fire Protection,2012,14,83.28,30
93b59267-69cf-4d4d-b68a-93e2de9520d9,ba9365b6-e8c2-4108-beaf-524d5c004436,14,Electric,2007,19,54.98,40
995bbe70-e0c5-4b78-a930-692ff826f6b8,ba9365b6-e8c2-4108-beaf-524d5c004436,15,Furnishing,1954,72,73.31,20
43e8ac85-9a6d-4b13-ac2f-45a2a1749748,ba9365b6-e8c2-4108-beaf-524d5c004436,16,Protection,1994,32,63.79,10
b31e63c8-c5c9-4464-932b-628a9236ff54,ba9365b6-e8c2-4108-beaf-524d5c004436,17,Special construction,2007,19,78.33,10
ad89ddbe-ec20-40d1-9873-861d47d79d26,ba9365b6-e8c2-4108-beaf-524d5c004436,18,Improvements,1980,46,66.59,10
3b5b9334-15b0-4407-a6ab-362d5e0950c3,ba9365b6-e8c2-4108-beaf-524d5c004436,19,Utilities,2014,12,61.48,30
db83b000-483d-4373-a062-8225e4134746,ba9365b6-e8c2-4108-beaf-524d5c004436,20,Distribution,1985,41,57.79,30
46f5e20b-c53a-40a0-a81d-81f7feeaced8,ba9365b6-e8c2-4108-beaf-524d5c004436,21,Other Construction,2025,1,51.06,30
b094ea04-d922-4580-acd6-77ff54bd3170,ba9365b6-e8c2-4108-beaf-524d5c004436,22,Special construction2,2003,23,77.01,30
91e7cc35-156f-428b-8694-5f5ffca68815,12837a49-6c23-4d21-bad7-77ee0d4519a7,1,Foundation,2020,6,3.6,60
96476f80-815b-406a-8a5d-37c6cd0b2451,12837a49-6c23-4d21-bad7-77ee0d4519a7,3,Superstructure,2013,13,76.42,50
baaf52b1-5417-401b-99d6-610f5fcbce1b,12837a49-6c23-4d21-bad7-77ee0d4519a7,4,Exterior Structure,1994,32,63.53,40
152986f4-0f02-4740-8d5d-c8bf6a1d7d13,12837a49-6c23-4d21-bad7-77ee0d4519a7,5,Roofing,1998,28,85.66,20
0d5db4b6-7073-4689-ae5f-b11c149e4f8f,12837a49-6c23-4d21-bad7-77ee0d4519a7,8,Interior Finishes,1998,28,68.89,20
b41fb34a-6b1c-42cc-9bfd-223a2405a3e5,12837a49-6c23-4d21-bad7-77ee0d4519a7,9,Conveying,2016,10,68.81,10
4ac33d86-cb5f-41a0-881b-f8680836ec0c,12837a49-6c23-4d21-bad7-77ee0d4519a7,10,Plumbing,1959,67,93.65,30
b17b5c41-23c4-4504-98b2-0ebed2ef2608,12837a49-6c23-4d21-bad7-77ee0d4519a7,12,HVAC,2008,18,77.9,40
45c65063-0dd2-4fab-a94e-b2a81408d1c5,12837a49-6c23-4d21-bad7-77ee0d4519a7,13,Fire Protection,1981,45,68.16,30
5217ee0d-fc2f-488e-b59c-1de52884f8b7,12837a49-6c23-4d21-bad7-77ee0d4519a7,14,Electric,2003,23,62.7,40
84b13d69-087a-4070-bc53-c4ff0f56d5d5,12837a49-6c23-4d21-bad7-77ee0d4519a7,15,Furnishing,2018,8,75.06,20
b9f5f6df-ee51-490e-b9dc-ddc0c830c091,12837a49-6c23-4d21-bad7-77ee0d4519a7,16,Protection,1963,63,63.13,10
e09e039c-ef31-4bdf-a627-aee229db1d30,12837a49-6c23-4d21-bad7-77ee0d4519a7,18,Improvements,2021,5,63.79,10
2f102c49-bfd0-425e-9e42-73aee9a1c471,12837a49-6c23-4d21-bad7-77ee0d4519a7,19,Utilities,1981,45,77.24,30
a3088530-0247-49c4-ae84-b593e00e1000,12837a49-6c23-4d21-bad7-77ee0d4519a7,20,Distribution,1992,34,84.6,30
850c932d-fc2e-4d17-b3b5-7a11b361414f,12837a49-6c23-4d21-bad7-77ee0d4519a7,21,Other Construction,2018,8,81.53,30
89a818f0-e171-4c7e-b6da-9c9eaa1f77df,12837a49-6c23-4d21-bad7-77ee0d4519a7,22,Special construction2,2002,24,6.81,30
e41351cf-de6b-4eae-af1f-9f28828c3cec,2033d2fc-d2ef-4b8b-b43f-10a52d62d678,1,Foundation,2004,22,50.95,60
37d0cec9-0946-410a-98d9-7545529718bb,2033d2fc-d2ef-4b8b-b43f-10a52d62d678,3,Superstructure,1996,30,82.98,50
a9a929c3-9ea3-4329-a737-829dbd8d4537,2033d2fc-d2ef-4b8b-b43f-10a52d62d678,4,Exterior Structure,1992,34,64.16,40
12051ef1-e41c-4515-8b30-3a5ba5fad033,2033d2fc-d2ef-4b8b-b43f-10a52d62d678,5,Roofing,1996,30,66.31,20
0f36a97b-35e0-4f10-890c-23d64a80bbe9,2033d2fc-d2ef-4b8b-b43f-10a52d62d678,6,Interior Construction,1987,39,60.07,30
89c7f749-4837-49db-ae9e-83ffc50fc750,2033d2fc-d2ef-4b8b-b43f-10a52d62d678,8,Interior Finishes,1997,29,94.43,20
bd06d41f-336e-46a1-84e8-8ecb9ee08e07,2033d2fc-d2ef-4b8b-b43f-10a52d62d678,9,Conveying,1988,38,84.87,10
a69f14c6-982a-48b4-b112-8f217b0ab73e,2033d2fc-d2ef-4b8b-b43f-10a52d62d678,10,Plumbing,1975,51,58.71,30
6f7201c0-c276-4a55-88fe-5d4ac29ca4b8,2033d2fc-d2ef-4b8b-b43f-10a52d62d678,13,Fire Protection,1947,79,68.35,30
58f9881e-bf9b-423e-8014-ca38bc312f05,2033d2fc-d2ef-4b8b-b43f-10a52d62d678,14,Electric,1997,29,84.13,40
511b60ae-391e-46c8-b30e-1d03d80a65bb,2033d2fc-d2ef-4b8b-b43f-10a52d62d678,16,Protection,2007,19,72.09,10
90b34cc5-18e7-4094-b534-ec6e328d2b24,2033d2fc-d2ef-4b8b-b43f-10a52d62d678,18,Improvements,1990,36,55.52,10
94a4098f-f12f-4552-bfd1-3751064a7672,2033d2fc-d2ef-4b8b-b43f-10a52d62d678,19,Utilities,2013,13,23.6,30
b2f8799c-709e-494d-bfab-745892725a40,2033d2fc-d2ef-4b8b-b43f-10a52d62d678,20,Distribution,2013,13,53.02,30
7685c13a-6ea5-4c8f-b89c-7d31d2d2be88,2033d2fc-d2ef-4b8b-b43f-10a52d62d678,21,Other Construction,1989,37,68.82,30
84e223e4-be07-44e7-a7b2-30e038885639,2033d2fc-d2ef-4b8b-b43f-10a52d62d678,22,Special construction2,1995,31,67.35,30
6d33417d-02dd-4b2d-8edd-60ad79d16b3a,a5175808-75a0-46a6-9f97-08a9ae7d2374,1,Foundation,1990,36,90.29,60
0912510a-70d2-4a1a-bcc2-d205a4800538,a5175808-75a0-46a6-9f97-08a9ae7d2374,3,Superstructure,1994,32,62.29,50
8ef5800e-faef-4a93-a9d2-0ad5d6c82f37,a5175808-75a0-46a6-9f97-08a9ae7d2374,4,Exterior Structure,1993,33,61.15,40
c2a0dda1-bb1f-4e7d-81cb-3233cd56c980,a5175808-75a0-46a6-9f97-08a9ae7d2374,5,Roofing,2016,10,74.9,20
fc3b5dc7-0b38-46fb-b760-ca7ccdccc43a,a5175808-75a0-46a6-9f97-08a9ae7d2374,6,Interior Construction,2002,24,54.31,30
7a945210-bbef-4fd8-969a-862b30780b00,a5175808-75a0-46a6-9f97-08a9ae7d2374,7,Stairs,2003,23,55.95,40
b8a89a22-0c09-465a-8c4a-9104ec24fb99,a5175808-75a0-46a6-9f97-08a9ae7d2374,8,Interior Finishes,1969,57,83.49,20
241cdfdd-7b1d-41b9-bce1-eb2c618877ec,a5175808-75a0-46a6-9f97-08a9ae7d2374,9,Conveying,2008,18,71.5,10
7cab9453-87b1-4d94-ab88-a092e13e3833,a5175808-75a0-46a6-9f97-08a9ae7d2374,10,Plumbing,1998,28,65.97,30
4c1643c0-1a2c-40b2-a919-b0136c20ac50,a5175808-75a0-46a6-9f97-08a9ae7d2374,12,HVAC,2010,16,59.78,40
caf53f0d-2486-445d-9427-8791a9f45c69,a5175808-75a0-46a6-9f97-08a9ae7d2374,13,Fire Protection,1987,39,76.43,30
820ad411-7bfd-4851-8ca3-3b2f82467b21,a5175808-75a0-46a6-9f97-08a9ae7d2374,14,Electric,2007,19,79.73,40
974731b0-74ee-4dc5-a10b-b56ad95653b7,a5175808-75a0-46a6-9f97-08a9ae7d2374,15,Furnishing,1971,55,58.39,20
31cdfb40-4be8-468f-9877-39c73335ebdc,a5175808-75a0-46a6-9f97-08a9ae7d2374,16,Protection,2000,26,60.54,10
bd7214c8-d6ff-45e8-97a1-5cb603124d2a,a5175808-75a0-46a6-9f97-08a9ae7d2374,17,Special construction,2007,19,72.21,10
cf818f7c-1f6e-4a50-8b25-686cbdeea595,a5175808-75a0-46a6-9f97-08a9ae7d2374,18,Improvements,1966,60,74.17,10
dc728b7b-e6ea-4adc-8f7e-1ba04be0020f,a5175808-75a0-46a6-9f97-08a9ae7d2374,19,Utilities,2015,11,79.65,30
86ce836b-fe5c-444c-bbdf-1a2891f1e5c7,a5175808-75a0-46a6-9f97-08a9ae7d2374,20,Distribution,2005,21,64.31,30
3d0d22f8-22c3-4131-a09f-7e8a6e001a87,a5175808-75a0-46a6-9f97-08a9ae7d2374,21,Other Construction,1991,35,51.34,30
bb39a1e3-3e4c-4c36-a23d-4ef73e672391,a5175808-75a0-46a6-9f97-08a9ae7d2374,22,Special construction2,2014,12,76.24,30
c44769b7-86a5-4390-8c0c-ad1fa6fc5316,e6e1ff19-ab74-4990-b4f1-aaf7009d65b1,1,Foundation,1993,33,55.54,60
baa21ae8-27af-4002-9d13-98b3ec21864a,e6e1ff19-ab74-4990-b4f1-aaf7009d65b1,3,Superstructure,2008,18,84.69,50
fa3d1ac2-21b0-4d43-a94d-6d0e855fab51,e6e1ff19-ab74-4990-b4f1-aaf7009d65b1,4,Exterior Structure,1992,34,59.75,40
f90b3776-62a8-4bcf-92c9-555f6839473e,e6e1ff19-ab74-4990-b4f1-aaf7009d65b1,5,Roofing,1992,34,81.47,20
efb237ec-92d9-4d61-b83c-086b3d7ba661,e6e1ff19-ab74-4990-b4f1-aaf7009d65b1,6,Interior Construction,1992,34,64.35,30
58e58a6d-63b9-463f-91dd-177bb7310f78,e6e1ff19-ab74-4990-b4f1-aaf7009d65b1,7,Stairs,1971,55,68.65,40
b04cb4f9-a7c7-4e86-a9b1-c129170398cb,e6e1ff19-ab74-4990-b4f1-aaf7009d65b1,8,Interior Finishes,1989,37,65.69,20
18c1d06e-a673-4780-92eb-33654245065f,e6e1ff19-ab74-4990-b4f1-aaf7009d65b1,9,Conveying,2013,13,51.41,10
194f6efc-6590-43e9-8cac-137c2af0b86a,e6e1ff19-ab74-4990-b4f1-aaf7009d65b1,10,Plumbing,2000,26,56.82,30
3b0481e0-013d-444c-8304-91a7be21d0d0,e6e1ff19-ab74-4990-b4f1-aaf7009d65b1,12,HVAC,2003,23,74.39,40
a482e8ad-81b4-47d3-88c4-cd942db9c765,e6e1ff19-ab74-4990-b4f1-aaf7009d65b1,13,Fire Protection,2020,6,51.06,30
871c77a3-cc0f-4958-8453-48af3214609b,e6e1ff19-ab74-4990-b4f1-aaf7009d65b1,14,Electric,1995,31,65.37,40
b4fb9cd8-cc10-4836-9883-75401f489286,e6e1ff19-ab74-4990-b4f1-aaf7009d65b1,15,Furnishing,2002,24,65.27,20
c2761ba9-f132-484a-ab38-b34603d81868,e6e1ff19-ab74-4990-b4f1-aaf7009d65b1,16,Protection,2008,18,34.06,10
7e89d950-d734-4885-874b-b5de88ca41e3,e6e1ff19-ab74-4990-b4f1-aaf7009d65b1,18,Improvements,2022,4,55.55,10
0815f519-24cf-4882-ac88-79bfc2d189b5,e6e1ff19-ab74-4990-b4f1-aaf7009d65b1,19,Utilities,1978,48,66.4,30
a923bf1f-4697-4d49-aa1a-1a858b4b8c4e,e6e1ff19-ab74-4990-b4f1-aaf7009d65b1,20,Distribution,2002,24,57.21,30
81d4e769-e323-4c3b-a08f-b4cd34dd32c9,e6e1ff19-ab74-4990-b4f1-aaf7009d65b1,21,Other Construction,1993,33,84.92,30
abbfca71-f604-4c92-b7f9-0f5942622959,e6e1ff19-ab74-4990-b4f1-aaf7009d65b1,22,Special construction2,1994,32,83.83,30
6abaf720-6ceb-41e3-81ea-1974bb836698,8f33e7b7-6bdc-421c-89d1-5fdd6ea357e7,1,Foundation,2003,23,54.56,60
11c7aa4b-0b23-4fec-ba7e-173c8be2fe21,8f33e7b7-6bdc-421c-89d1-5fdd6ea357e7,2,Basement,1997,29,50.71,60
79697410-3f77-4bff-a56c-32846d968ff8,8f33e7b7-6bdc-421c-89d1-5fdd6ea357e7,3,Superstructure,2015,11,66.76,50
2f7ef014-d982-441b-8db2-ed976f1b467d,8f33e7b7-6bdc-421c-89d1-5fdd6ea357e7,4,Exterior Structure,2020,6,82.85,40
914ebf00-ada0-4c6d-ae70-88bb4d6e289f,8f33e7b7-6bdc-421c-89d1-5fdd6ea357e7,5,Roofing,2024,2,73.66,20
84c4ddae-3d0a-4c50-9e96-c7df95465005,8f33e7b7-6bdc-421c-89d1-5fdd6ea357e7,6,Interior Construction,2010,16,78.57,30
5e3a4af5-de78-4572-b80f-af7e39979b3b,8f33e7b7-6bdc-421c-89d1-5fdd6ea357e7,7,Stairs,2021,5,43.26,40
ccb22ea8-9822-48f4-9b47-d766202676f0,8f33e7b7-6bdc-421c-89d1-5fdd6ea357e7,8,Interior Finishes,1998,28,68.78,20
3ab4a53c-2492-4ea0-b909-50e949f902df,8f33e7b7-6bdc-421c-89d1-5fdd6ea357e7,9,Conveying,2001,25,92.64,10
2807c6dc-094c-4a76-b5e4-3a5a9049acb5,8f33e7b7-6bdc-421c-89d1-5fdd6ea357e7,10,Plumbing,1998,28,65.44,30
dc940e5c-c0d3-481e-9af4-408a1cb61506,8f33e7b7-6bdc-421c-89d1-5fdd6ea357e7,12,HVAC,2023,3,83.48,40
bba57070-1427-4d91-98a9-800f09bfb664,8f33e7b7-6bdc-421c-89d1-5fdd6ea357e7,13,Fire Protection,1997,29,62.79,30
a868cd2c-0507-403b-83fe-ef4ba62478aa,8f33e7b7-6bdc-421c-89d1-5fdd6ea357e7,14,Electric,2012,14,51.35,40
06e35afd-d9a2-40e0-bbbc-3efe9b695d1b,8f33e7b7-6bdc-421c-89d1-5fdd6ea357e7,15,Furnishing,2012,14,74.97,20
4a7e7f1c-6d01-4f45-bceb-50ddcecc76cd,8f33e7b7-6bdc-421c-89d1-5fdd6ea357e7,16,Protection,1990,36,82.29,10
2ed668a1-9e82-4092-9711-4962a3812888,8f33e7b7-6bdc-421c-89d1-5fdd6ea357e7,17,Special construction,2019,7,53.1,10
e6fbb3f6-83bc-4113-9694-36d9d257f269,8f33e7b7-6bdc-421c-89d1-5fdd6ea357e7,18,Improvements,2008,18,23.42,10
d89e050b-34be-48ae-bd96-6b1c35d5865b,8f33e7b7-6bdc-421c-89d1-5fdd6ea357e7,19,Utilities,2016,10,68.13,30
8a36ad13-a1ed-497d-b7eb-fc1bc5c3ac44,8f33e7b7-6bdc-421c-89d1-5fdd6ea357e7,20,Distribution,2021,5,27.69,30
21f44117-2aba-4965-837e-6aae2124b2ef,8f33e7b7-6bdc-421c-89d1-5fdd6ea357e7,21,Other Construction,2004,22,53.38,30
57b3622a-1fb5-47fa-ae63-0016b47a672c,8f33e7b7-6bdc-421c-89d1-5fdd6ea357e7,22,Special construction2,2016,10,17.27,30
5501e610-3d17-4aa9-a43d-8db58dec78aa,abc0ac84-5b3d-46da-afc1-70f5ab38d151,1,Foundation,1984,42,58.96,60
e5d4f1c1-fa99-4ba6-a330-fdb0004da67e,abc0ac84-5b3d-46da-afc1-70f5ab38d151,2,Basement,1982,44,75.9,60
27d4d36d-b21c-4368-ad7f-337948b88972,abc0ac84-5b3d-46da-afc1-70f5ab38d151,3,Superstructure,2006,20,86.88,50
eb73c830-602c-430d-9d0b-a6d76960730f,abc0ac84-5b3d-46da-afc1-70f5ab38d151,4,Exterior Structure,1980,46,64.55,40
735231a4-4345-4cb0-88a7-d7389dda6e04,abc0ac84-5b3d-46da-afc1-70f5ab38d151,5,Roofing,1972,54,80.53,20
1503dd84-f091-4ec7-8ae3-444eb68551bb,abc0ac84-5b3d-46da-afc1-70f5ab38d151,6,Interior Construction,2005,21,63.6,30
2a792502-2e19-4367-88d0-d35f9e29bad0,abc0ac84-5b3d-46da-afc1-70f5ab38d151,7,Stairs,1996,30,22.26,40
e3d36383-70c0-4978-b6cd-44d34eb15c98,abc0ac84-5b3d-46da-afc1-70f5ab38d151,8,Interior Finishes,2022,4,62.18,20
c5f2972e-361c-4725-9fdf-212d554e9586,abc0ac84-5b3d-46da-afc1-70f5ab38d151,9,Conveying,2003,23,83.8,10
3bf1dd17-6218-4eb9-9fa1-735ef333b510,abc0ac84-5b3d-46da-afc1-70f5ab38d151,10,Plumbing,1951,75,59.7,30
0d2ef2bf-3048-44d0-942d-10c0bd353613,abc0ac84-5b3d-46da-afc1-70f5ab38d151,12,HVAC,1962,64,88.12,40
4f061137-8d76-42c8-911d-389286a9a1b3,abc0ac84-5b3d-46da-afc1-70f5ab38d151,13,Fire Protection,1948,78,52.14,30
cc288587-13b7-4a9a-8a07-8eb7d39dcd77,abc0ac84-5b3d-46da-afc1-70f5ab38d151,14,Electric,2001,25,54.17,40
75dff5c9-960f-4190-b36c-cde401fef10b,abc0ac84-5b3d-46da-afc1-70f5ab38d151,15,Furnishing,2007,19,67.32,20
a65c5cca-a3a3-4076-b799-79fa9c9856be,abc0ac84-5b3d-46da-afc1-70f5ab38d151,16,Protection,1995,31,61.33,10
167a890a-ddd3-4696-91a0-0e5a818cb08b,abc0ac84-5b3d-46da-afc1-70f5ab38d151,17,Special construction,2008,18,89.1,10
c9214dcd-7dbc-4725-beae-410fa53e582c,abc0ac84-5b3d-46da-afc1-70f5ab38d151,18,Improvements,1996,30,79.81,10
76afa3c5-bb5a-48a6-a608-4b110e529add,abc0ac84-5b3d-46da-afc1-70f5ab38d151,19,Utilities,2023,3,57.55,30
8b4b3609-d993-4867-b8e1-9f9b74fbf3d0,abc0ac84-5b3d-46da-afc1-70f5ab38d151,20,Distribution,1999,27,67.24,30
07d88449-5818-424e-83fc-d13c4c0047a5,abc0ac84-5b3d-46da-afc1-70f5ab38d151,21,Other Construction,2010,16,77.02,30
e45e9119-554a-4f61-877a-11dda7c16a59,abc0ac84-5b3d-46da-afc1-70f5ab38d151,22,Special construction2,1988,38,53.69,30
bb9e7556-19bc-433c-960b-520f42d3799b,c3638360-37c7-4bdc-8869-8df2a9119e86,1,Foundation,1991,35,5.03,60
8cc7c4b3-19f7-4d6a-9366-4d20e6c781a7,c3638360-37c7-4bdc-8869-8df2a9119e86,3,Superstructure,1994,32,79.27,50
273d10ad-6b9d-4161-8aac-0492a676b132,c3638360-37c7-4bdc-8869-8df2a9119e86,4,Exterior Structure,1999,27,43.33,40
ca9cf2b4-fef7-4585-b5b6-e10b0ecef49b,c3638360-37c7-4bdc-8869-8df2a9119e86,5,Roofing,2000,26,64.79,20
51da21ef-e4fa-493b-8da0-9fb0cc881100,c3638360-37c7-4bdc-8869-8df2a9119e86,6,Interior Construction,1994,32,82.87,30
b0a6d7b9-a900-4266-945b-f80d59c38059,c3638360-37c7-4bdc-8869-8df2a9119e86,7,Stairs,1947,79,57.93,40
9b7c1ad2-c871-4075-b062-e23c5bd4215c,c3638360-37c7-4bdc-8869-8df2a9119e86,8,Interior Finishes,1961,65,67.99,20
dfaf86e0-5606-4bd1-b42f-cf6fda1f5909,c3638360-37c7-4bdc-8869-8df2a9119e86,9,Conveying,2026,0,67.63,10
8b4b8bd0-d898-4beb-86e4-650746581c65,c3638360-37c7-4bdc-8869-8df2a9119e86,10,Plumbing,1956,70,71.91,30
6b363949-d2de-4250-a95e-99b14a09c28a,c3638360-37c7-4bdc-8869-8df2a9119e86,11,Art,1975,51,53.33,10
52b34e59-de5b-4c55-b632-db3689d850a3,c3638360-37c7-4bdc-8869-8df2a9119e86,12,HVAC,2006,20,66.93,40
fbd1a406-bf80-4119-aff5-f257ac892c8f,c3638360-37c7-4bdc-8869-8df2a9119e86,13,Fire Protection,1947,79,77.91,30
c3f8f934-2959-4e65-aca1-285f19080df8,c3638360-37c7-4bdc-8869-8df2a9119e86,14,Electric,1979,47,70.08,40
2707dc2b-b98d-45fc-a376-8705a4239bf3,c3638360-37c7-4bdc-8869-8df2a9119e86,15,Furnishing,1990,36,83.78,20
f6b3784b-349b-4e51-8473-9dc548e91ff8,c3638360-37c7-4bdc-8869-8df2a9119e86,16,Protection,2012,14,82.13,10
d53939c7-a6e4-4e35-8f2c-e3d48b5459c5,c3638360-37c7-4bdc-8869-8df2a9119e86,17,Special construction,1994,32,52.59,10
7989b0f0-bc97-4d50-a01d-c791431ae500,c3638360-37c7-4bdc-8869-8df2a9119e86,18,Improvements,2016,10,60.0,10
18777a5e-c991-4f81-83ee-f67daeab6c87,c3638360-37c7-4bdc-8869-8df2a9119e86,19,Utilities,2001,25,59.45,30
a50d6ed4-7b1c-45c8-b497-f3027b61b45b,c3638360-37c7-4bdc-8869-8df2a9119e86,20,Distribution,1995,31,79.44,30
22d639e6-d47b-4bf0-a316-8961704c6d10,c3638360-37c7-4bdc-8869-8df2a9119e86,21,Other Construction,2024,2,53.66,30
a395b1f9-e9d6-467f-9327-29ec52f21925,c3638360-37c7-4bdc-8869-8df2a9119e86,22,Special construction2,1965,61,79.35,30
e77edf78-b447-4596-94db-d234054a2c9b,a7e775e7-8db2-4cc5-a2e6-5f203550572f,1,Foundation,1996,30,60.97,60
5074817d-2d1d-4b8e-b556-00bb5a95efc5,a7e775e7-8db2-4cc5-a2e6-5f203550572f,2,Basement,2023,3,54.56,60
c31f7add-98de-46d1-bdf6-ae96c0aad7a5,a7e775e7-8db2-4cc5-a2e6-5f203550572f,3,Superstructure,2024,2,57.31,50
bf450e15-f315-4825-90ce-2d7d36fd9bc6,a7e775e7-8db2-4cc5-a2e6-5f203550572f,4,Exterior Structure,1997,29,65.61,40
a3a968a1-533a-4e5a-8d26-36793b966030,a7e775e7-8db2-4cc5-a2e6-5f203550572f,5,Roofing,2006,20,57.49,20
99f08c1a-3513-48eb-8a3f-f585af67b23f,a7e775e7-8db2-4cc5-a2e6-5f203550572f,6,Interior Construction,2012,14,67.88,30
67d02d9c-e432-4820-81be-77dd01767d83,a7e775e7-8db2-4cc5-a2e6-5f203550572f,7,Stairs,1989,37,74.83,40
f8501cc2-d5b6-4dd2-b748-bc96258bee1b,a7e775e7-8db2-4cc5-a2e6-5f203550572f,8,Interior Finishes,2019,7,62.46,20
596a3c20-aaee-4a50-a5f0-6af49cc86f16,a7e775e7-8db2-4cc5-a2e6-5f203550572f,9,Conveying,2000,26,33.2,10
b12a9fb7-555f-44c8-924e-2a3bd2a24526,a7e775e7-8db2-4cc5-a2e6-5f203550572f,10,Plumbing,1998,28,52.49,30
f4384af1-ee77-4f04-a24b-75868ec4ad59,a7e775e7-8db2-4cc5-a2e6-5f203550572f,12,HVAC,1991,35,74.87,40
2f724fe1-1395-4d0e-b454-1085ef058ca9,a7e775e7-8db2-4cc5-a2e6-5f203550572f,13,Fire Protection,2025,1,68.46,30
e407f65e-f916-4c98-b8bd-97614a80de2d,a7e775e7-8db2-4cc5-a2e6-5f203550572f,14,Electric,1988,38,64.8,40
91e14503-a7a8-4c37-89b8-b357075ac8c8,a7e775e7-8db2-4cc5-a2e6-5f203550572f,15,Furnishing,1957,69,72.24,20
bcd4bc6f-2138-41f4-aac3-e464d36248f6,a7e775e7-8db2-4cc5-a2e6-5f203550572f,16,Protection,1991,35,55.72,10
bb45d6b4-1140-4fc8-9cfd-a399ba9e9d90,a7e775e7-8db2-4cc5-a2e6-5f203550572f,17,Special construction,1956,70,57.31,10
43ae72e9-791a-4c14-8dda-e5718082c4f1,a7e775e7-8db2-4cc5-a2e6-5f203550572f,18,Improvements,1998,28,57.18,10
61083794-9ce6-4528-a315-13978bb455f9,a7e775e7-8db2-4cc5-a2e6-5f203550572f,19,Utilities,2013,13,58.37,30
e404ed23-4651-426d-9bee-9ed8488973de,a7e775e7-8db2-4cc5-a2e6-5f203550572f,20,Distribution,1968,58,56.65,30
a6de43f3-16fa-4df7-83fd-65dfc790c1aa,a7e775e7-8db2-4cc5-a2e6-5f203550572f,21,Other Construction,2004,22,55.46,30
25bf4dc2-d74f-4317-ae0a-dd09ede9c5b9,a7e775e7-8db2-4cc5-a2e6-5f203550572f,22,Special construction2,2005,21,70.21,30
c4c02fe3-cbfa-4fba-a97c-8e636a4f1b2f,4777280d-3b60-4ae9-b26e-ffbe185eba4c,1,Foundation,1948,78,68.56,60
773d2a08-b50c-4b98-93d4-6f7a76d70dde,4777280d-3b60-4ae9-b26e-ffbe185eba4c,2,Basement,2011,15,56.64,60
97778f91-1b8e-4642-a6ea-b78dd0f6294a,4777280d-3b60-4ae9-b26e-ffbe185eba4c,3,Superstructure,1989,37,53.83,50
682779c1-332e-40c1-98ba-9c1cc74e4e2e,4777280d-3b60-4ae9-b26e-ffbe185eba4c,4,Exterior Structure,2020,6,64.45,40
478872c8-bce6-4b5e-9de8-47584541d72d,4777280d-3b60-4ae9-b26e-ffbe185eba4c,5,Roofing,2022,4,80.94,20
526a3eb7-ceae-45ee-90a9-fcc1927e2f1c,4777280d-3b60-4ae9-b26e-ffbe185eba4c,6,Interior Construction,1998,28,60.15,30
df6d4841-a712-4bba-946c-b97e2703c494,4777280d-3b60-4ae9-b26e-ffbe185eba4c,7,Stairs,1989,37,79.1,40
53978d94-3619-4d9c-831a-58ba67b65a9d,4777280d-3b60-4ae9-b26e-ffbe185eba4c,8,Interior Finishes,1989,37,73.7,20
003ed01f-5f62-4b2a-b2e8-b1f77a338901,4777280d-3b60-4ae9-b26e-ffbe185eba4c,9,Conveying,2006,20,67.74,10
851ec6cf-be88-45c9-994a-cec5cc26d03a,4777280d-3b60-4ae9-b26e-ffbe185eba4c,10,Plumbing,1979,47,77.71,30
121f567f-74ad-4fbf-94cb-e3611aad3afe,4777280d-3b60-4ae9-b26e-ffbe185eba4c,12,HVAC,2015,11,61.73,40
b6d8b80b-2820-4728-9f3a-dc4edb179a3c,4777280d-3b60-4ae9-b26e-ffbe185eba4c,13,Fire Protection,2004,22,62.01,30
dbf0b21e-1ea8-4f78-a4b0-076d61aa2877,4777280d-3b60-4ae9-b26e-ffbe185eba4c,14,Electric,2019,7,81.45,40
ba5e3e38-3808-45ba-b0f9-53ae8f158bdd,4777280d-3b60-4ae9-b26e-ffbe185eba4c,15,Furnishing,2011,15,71.65,20
c29c88fd-0044-4348-b27f-7c4c456f5f81,4777280d-3b60-4ae9-b26e-ffbe185eba4c,16,Protection,1994,32,70.39,10
c55761e0-9fbb-4d3e-aef4-e6b3dc827b60,4777280d-3b60-4ae9-b26e-ffbe185eba4c,17,Special construction,2005,21,65.78,10
007fad53-6241-4fee-b7f9-25a88ec844cc,4777280d-3b60-4ae9-b26e-ffbe185eba4c,18,Improvements,2020,6,60.72,10
aeb63003-c1f7-4a63-b744-b11ffb179e78,4777280d-3b60-4ae9-b26e-ffbe185eba4c,19,Utilities,2024,2,53.9,30
5d68e8ea-b5e9-4e88-bb8f-995b9feb4315,4777280d-3b60-4ae9-b26e-ffbe185eba4c,20,Distribution,1969,57,53.61,30
81dab48f-e3e9-4ac2-aafc-bd08cae33ceb,4777280d-3b60-4ae9-b26e-ffbe185eba4c,21,Other Construction,1988,38,20.92,30
4ab272cd-1ea1-4279-ad39-ef13aca71e65,4777280d-3b60-4ae9-b26e-ffbe185eba4c,22,Special construction2,2012,14,59.48,30
f7c732f6-acf1-4a73-bf0b-30d777348214,7ab828b3-9e7a-49a5-87a3-7ecd0665cf88,1,Foundation,2005,21,59.48,60
02cea236-072b-4c65-816f-b08799cab7ca,7ab828b3-9e7a-49a5-87a3-7ecd0665cf88,2,Basement,2026,0,70.05,60
cb834f5b-d308-40cc-ba5a-3d86a6f91492,7ab828b3-9e7a-49a5-87a3-7ecd0665cf88,3,Superstructure,2021,5,59.35,50
0088d745-a8ab-4eeb-ad9e-d39f25dd1a79,7ab828b3-9e7a-49a5-87a3-7ecd0665cf88,4,Exterior Structure,1995,31,78.88,40
50de065e-eca9-4719-8e75-210dc6192341,7ab828b3-9e7a-49a5-87a3-7ecd0665cf88,5,Roofing,2019,7,72.43,20
9161b003-028a-4d35-921f-dc34ca710f2d,7ab828b3-9e7a-49a5-87a3-7ecd0665cf88,6,Interior Construction,1951,75,57.62,30
36d9a0ed-1b13-4952-9768-880a045bc43a,7ab828b3-9e7a-49a5-87a3-7ecd0665cf88,7,Stairs,2010,16,84.06,40
2e5bc463-a143-43e4-9a43-544a462b029d,7ab828b3-9e7a-49a5-87a3-7ecd0665cf88,8,Interior Finishes,2010,16,90.28,20
9766f908-ea43-492d-9e7f-b832d07b0445,7ab828b3-9e7a-49a5-87a3-7ecd0665cf88,9,Conveying,2020,6,73.97,10
7b1b354a-05f3-4a4a-ac7c-2c0c47a07329,7ab828b3-9e7a-49a5-87a3-7ecd0665cf88,10,Plumbing,2009,17,80.97,30
a73003fe-6345-4680-ac10-779adbcf90ed,7ab828b3-9e7a-49a5-87a3-7ecd0665cf88,12,HVAC,1996,30,97.7,40
da4d27e9-9690-47db-a7b4-4f746fb5f285,7ab828b3-9e7a-49a5-87a3-7ecd0665cf88,13,Fire Protection,1966,60,62.58,30
d476e558-c2e2-457c-91e6-6d1049d871fd,7ab828b3-9e7a-49a5-87a3-7ecd0665cf88,14,Electric,1991,35,66.43,40
6bee3e98-e21f-4259-890e-944ac1d440e9,7ab828b3-9e7a-49a5-87a3-7ecd0665cf88,15,Furnishing,2014,12,69.52,20
ef0eb619-7032-43a3-8708-065084cad469,7ab828b3-9e7a-49a5-87a3-7ecd0665cf88,16,Protection,1988,38,67.62,10
daaa88b0-0af3-4f81-9f27-80064e924707,7ab828b3-9e7a-49a5-87a3-7ecd0665cf88,17,Special construction,1992,34,63.58,10
63d0695c-1234-42b1-a922-442bfb58e6e1,7ab828b3-9e7a-49a5-87a3-7ecd0665cf88,18,Improvements,2022,4,76.15,10
6633ffcc-1d66-47d9-a3f7-afed9d2144bc,7ab828b3-9e7a-49a5-87a3-7ecd0665cf88,19,Utilities,2013,13,71.71,30
18e6d498-0592-43fd-a14e-5e32f67272f6,7ab828b3-9e7a-49a5-87a3-7ecd0665cf88,20,Distribution,2016,10,11.67,30
576e82cc-8c26-4aec-b40d-53c83a37405c,7ab828b3-9e7a-49a5-87a3-7ecd0665cf88,21,Other Construction,2016,10,62.24,30
c690c528-9253-4f46-8813-4d546dfb3f43,7ab828b3-9e7a-49a5-87a3-7ecd0665cf88,22,Special construction2,2026,0,61.36,30
